year,month,zone,monthly_precip_mm
1950,1,Coastal,106.39999999999999
1950,1,Guinea Savanna,4.166666666666666
1950,1,Sahel,0.13333333333333333
1950,2,Coastal,56.9
1950,2,Guinea Savanna,1.0333333333333334
1950,2,Sahel,0.0
1950,3,Coastal,177.5666666666667
1950,3,Guinea Savanna,7.7
1950,3,Sahel,0.0
1950,4,Coastal,258.6666666666667
1950,4,Guinea Savanna,110.39999999999999
1950,4,Sahel,6.3999999999999995
1950,5,Coastal,292.06666666666666
1950,5,Guinea Savanna,135.66666666666666
1950,5,Sahel,12.966666666666667
1950,6,Coastal,373.6666666666667
1950,6,Guinea Savanna,178.66666666666666
1950,6,Sahel,21.166666666666668
1950,7,Coastal,441.0
1950,7,Guinea Savanna,172.6
1950,7,Sahel,209.66666666666666
1950,8,Coastal,54.86666666666667
1950,8,Guinea Savanna,158.76666666666668
1950,8,Sahel,394.43333333333334
1950,9,Coastal,137.36666666666667
1950,9,Guinea Savanna,200.23333333333335
1950,9,Sahel,133.03333333333333
1950,10,Coastal,233.66666666666666
1950,10,Guinea Savanna,120.46666666666665
1950,10,Sahel,10.4
1950,11,Coastal,233.1
1950,11,Guinea Savanna,12.0
1950,11,Sahel,0.3666666666666667
1950,12,Coastal,101.0
1950,12,Guinea Savanna,0.6333333333333334
1950,12,Sahel,0.0
1951,1,Coastal,88.86666666666667
1951,1,Guinea Savanna,1.9333333333333336
1951,1,Sahel,0.0
1951,2,Coastal,118.86666666666667
1951,2,Guinea Savanna,0.43333333333333335
1951,2,Sahel,0.0
1951,3,Coastal,238.26666666666665
1951,3,Guinea Savanna,36.800000000000004
1951,3,Sahel,2.2666666666666666
1951,4,Coastal,234.70000000000002
1951,4,Guinea Savanna,51.53333333333333
1951,4,Sahel,3.4333333333333336
1951,5,Coastal,298.59999999999997
1951,5,Guinea Savanna,200.5666666666667
1951,5,Sahel,60.300000000000004
1951,6,Coastal,386.6333333333334
1951,6,Guinea Savanna,191.9333333333333
1951,6,Sahel,56.199999999999996
1951,7,Coastal,327.43333333333334
1951,7,Guinea Savanna,225.4333333333333
1951,7,Sahel,93.83333333333333
1951,8,Coastal,195.86666666666665
1951,8,Guinea Savanna,240.6
1951,8,Sahel,156.43333333333334
1951,9,Coastal,254.76666666666665
1951,9,Guinea Savanna,266.46666666666664
1951,9,Sahel,171.86666666666667
1951,10,Coastal,289.03333333333336
1951,10,Guinea Savanna,264.8666666666667
1951,10,Sahel,128.66666666666666
1951,11,Coastal,227.5
1951,11,Guinea Savanna,48.76666666666667
1951,11,Sahel,11.6
1951,12,Coastal,16.433333333333334
1951,12,Guinea Savanna,0.0
1951,12,Sahel,0.0
1952,1,Coastal,79.56666666666666
1952,1,Guinea Savanna,0.39999999999999997
1952,1,Sahel,0.0
1952,2,Coastal,81.7
1952,2,Guinea Savanna,0.30000000000000004
1952,2,Sahel,0.0
1952,3,Coastal,190.86666666666667
1952,3,Guinea Savanna,8.5
1952,3,Sahel,0.0
1952,4,Coastal,311.3
1952,4,Guinea Savanna,53.1
1952,4,Sahel,1.7666666666666666
1952,5,Coastal,271.7
1952,5,Guinea Savanna,114.8
1952,5,Sahel,14.466666666666667
1952,6,Coastal,408.8666666666666
1952,6,Guinea Savanna,202.0
1952,6,Sahel,54.26666666666667
1952,7,Coastal,378.59999999999997
1952,7,Guinea Savanna,261.96666666666664
1952,7,Sahel,144.0
1952,8,Coastal,34.333333333333336
1952,8,Guinea Savanna,95.89999999999999
1952,8,Sahel,309.3666666666667
1952,9,Coastal,297.96666666666664
1952,9,Guinea Savanna,291.6333333333333
1952,9,Sahel,186.79999999999998
1952,10,Coastal,286.40000000000003
1952,10,Guinea Savanna,143.6
1952,10,Sahel,19.6
1952,11,Coastal,274.09999999999997
1952,11,Guinea Savanna,11.299999999999999
1952,11,Sahel,0.20000000000000004
1952,12,Coastal,87.2
1952,12,Guinea Savanna,12.1
1952,12,Sahel,0.0
1953,1,Coastal,46.96666666666667
1953,1,Guinea Savanna,0.16666666666666666
1953,1,Sahel,0.0
1953,2,Coastal,169.79999999999998
1953,2,Guinea Savanna,16.0
1953,2,Sahel,0.0
1953,3,Coastal,197.4
1953,3,Guinea Savanna,19.366666666666667
1953,3,Sahel,0.2333333333333333
1953,4,Coastal,156.66666666666666
1953,4,Guinea Savanna,4.133333333333334
1953,4,Sahel,0.0
1953,5,Coastal,283.2
1953,5,Guinea Savanna,226.6
1953,5,Sahel,64.83333333333333
1953,6,Coastal,386.8666666666666
1953,6,Guinea Savanna,204.16666666666666
1953,6,Sahel,110.39999999999999
1953,7,Coastal,269.40000000000003
1953,7,Guinea Savanna,215.46666666666667
1953,7,Sahel,179.5666666666667
1953,8,Coastal,68.26666666666667
1953,8,Guinea Savanna,169.03333333333333
1953,8,Sahel,299.76666666666665
1953,9,Coastal,243.76666666666665
1953,9,Guinea Savanna,211.53333333333333
1953,9,Sahel,102.66666666666667
1953,10,Coastal,324.1333333333333
1953,10,Guinea Savanna,84.0
1953,10,Sahel,4.866666666666666
1953,11,Coastal,167.56666666666666
1953,11,Guinea Savanna,2.9333333333333336
1953,11,Sahel,0.0
1953,12,Coastal,49.666666666666664
1953,12,Guinea Savanna,1.1666666666666667
1953,12,Sahel,0.0
1954,1,Coastal,74.83333333333333
1954,1,Guinea Savanna,0.13333333333333333
1954,1,Sahel,0.0
1954,2,Coastal,160.16666666666666
1954,2,Guinea Savanna,17.7
1954,2,Sahel,0.03333333333333333
1954,3,Coastal,245.20000000000002
1954,3,Guinea Savanna,30.633333333333336
1954,3,Sahel,0.0
1954,4,Coastal,238.4333333333333
1954,4,Guinea Savanna,67.03333333333333
1954,4,Sahel,1.4666666666666668
1954,5,Coastal,248.70000000000002
1954,5,Guinea Savanna,88.46666666666665
1954,5,Sahel,9.166666666666666
1954,6,Coastal,334.1333333333333
1954,6,Guinea Savanna,155.0
1954,6,Sahel,35.5
1954,7,Coastal,105.16666666666667
1954,7,Guinea Savanna,121.93333333333332
1954,7,Sahel,223.33333333333334
1954,8,Coastal,94.43333333333334
1954,8,Guinea Savanna,195.03333333333333
1954,8,Sahel,393.23333333333335
1954,9,Coastal,206.26666666666665
1954,9,Guinea Savanna,223.1
1954,9,Sahel,59.199999999999996
1954,10,Coastal,245.63333333333333
1954,10,Guinea Savanna,157.9
1954,10,Sahel,34.5
1954,11,Coastal,227.46666666666667
1954,11,Guinea Savanna,37.6
1954,11,Sahel,9.066666666666665
1954,12,Coastal,64.2
1954,12,Guinea Savanna,0.30000000000000004
1954,12,Sahel,0.0
1955,1,Coastal,47.36666666666667
1955,1,Guinea Savanna,2.233333333333333
1955,1,Sahel,0.0
1955,2,Coastal,66.26666666666667
1955,2,Guinea Savanna,0.7333333333333334
1955,2,Sahel,0.0
1955,3,Coastal,220.4
1955,3,Guinea Savanna,12.266666666666667
1955,3,Sahel,0.0
1955,4,Coastal,221.9
1955,4,Guinea Savanna,62.6
1955,4,Sahel,0.7666666666666666
1955,5,Coastal,269.8
1955,5,Guinea Savanna,128.86666666666667
1955,5,Sahel,9.366666666666667
1955,6,Coastal,485.1333333333334
1955,6,Guinea Savanna,237.33333333333334
1955,6,Sahel,80.96666666666665
1955,7,Coastal,420.5
1955,7,Guinea Savanna,327.2
1955,7,Sahel,133.1
1955,8,Coastal,200.6
1955,8,Guinea Savanna,249.9666666666667
1955,8,Sahel,163.6
1955,9,Coastal,211.46666666666667
1955,9,Guinea Savanna,256.8666666666666
1955,9,Sahel,102.73333333333333
1955,10,Coastal,265.3
1955,10,Guinea Savanna,110.86666666666667
1955,10,Sahel,21.566666666666666
1955,11,Coastal,120.76666666666667
1955,11,Guinea Savanna,0.03333333333333333
1955,11,Sahel,0.0
1955,12,Coastal,45.833333333333336
1955,12,Guinea Savanna,0.03333333333333333
1955,12,Sahel,0.0
1956,1,Coastal,38.333333333333336
1956,1,Guinea Savanna,0.0
1956,1,Sahel,0.0
1956,2,Coastal,126.13333333333333
1956,2,Guinea Savanna,3.2999999999999994
1956,2,Sahel,0.0
1956,3,Coastal,292.8333333333333
1956,3,Guinea Savanna,41.43333333333333
1956,3,Sahel,0.03333333333333333
1956,4,Coastal,275.09999999999997
1956,4,Guinea Savanna,25.066666666666666
1956,4,Sahel,0.5333333333333333
1956,5,Coastal,257.3333333333333
1956,5,Guinea Savanna,50.5
1956,5,Sahel,0.6
1956,6,Coastal,349.40000000000003
1956,6,Guinea Savanna,175.20000000000002
1956,6,Sahel,25.899999999999995
1956,7,Coastal,184.20000000000002
1956,7,Guinea Savanna,188.4666666666667
1956,7,Sahel,276.8
1956,8,Coastal,68.13333333333334
1956,8,Guinea Savanna,200.4333333333333
1956,8,Sahel,417.43333333333334
1956,9,Coastal,261.59999999999997
1956,9,Guinea Savanna,269.46666666666664
1956,9,Sahel,167.70000000000002
1956,10,Coastal,300.1666666666667
1956,10,Guinea Savanna,136.76666666666668
1956,10,Sahel,10.233333333333333
1956,11,Coastal,277.3
1956,11,Guinea Savanna,13.066666666666668
1956,11,Sahel,0.0
1956,12,Coastal,110.56666666666666
1956,12,Guinea Savanna,12.433333333333332
1956,12,Sahel,0.0
1957,1,Coastal,77.0
1957,1,Guinea Savanna,0.16666666666666666
1957,1,Sahel,0.0
1957,2,Coastal,55.36666666666667
1957,2,Guinea Savanna,10.4
1957,2,Sahel,0.0
1957,3,Coastal,170.66666666666666
1957,3,Guinea Savanna,19.433333333333334
1957,3,Sahel,0.5333333333333333
1957,4,Coastal,259.23333333333335
1957,4,Guinea Savanna,112.66666666666667
1957,4,Sahel,8.466666666666667
1957,5,Coastal,325.1666666666667
1957,5,Guinea Savanna,231.29999999999998
1957,5,Sahel,107.46666666666665
1957,6,Coastal,391.73333333333335
1957,6,Guinea Savanna,221.73333333333335
1957,6,Sahel,120.53333333333335
1957,7,Coastal,382.90000000000003
1957,7,Guinea Savanna,199.23333333333335
1957,7,Sahel,153.46666666666667
1957,8,Coastal,288.1333333333333
1957,8,Guinea Savanna,250.66666666666666
1957,8,Sahel,206.29999999999998
1957,9,Coastal,178.66666666666666
1957,9,Guinea Savanna,231.33333333333334
1957,9,Sahel,90.76666666666667
1957,10,Coastal,295.6666666666667
1957,10,Guinea Savanna,183.5
1957,10,Sahel,48.666666666666664
1957,11,Coastal,241.93333333333337
1957,11,Guinea Savanna,36.233333333333334
1957,11,Sahel,0.09999999999999999
1957,12,Coastal,63.46666666666667
1957,12,Guinea Savanna,2.3666666666666667
1957,12,Sahel,0.0
1958,1,Coastal,68.3
1958,1,Guinea Savanna,2.8666666666666667
1958,1,Sahel,0.0
1958,2,Coastal,51.46666666666667
1958,2,Guinea Savanna,0.5333333333333333
1958,2,Sahel,0.0
1958,3,Coastal,156.43333333333334
1958,3,Guinea Savanna,5.366666666666666
1958,3,Sahel,0.0
1958,4,Coastal,307.5333333333333
1958,4,Guinea Savanna,74.60000000000001
1958,4,Sahel,0.3666666666666667
1958,5,Coastal,274.76666666666665
1958,5,Guinea Savanna,96.33333333333333
1958,5,Sahel,10.133333333333331
1958,6,Coastal,265.8666666666667
1958,6,Guinea Savanna,157.70000000000002
1958,6,Sahel,57.86666666666667
1958,7,Coastal,89.06666666666668
1958,7,Guinea Savanna,107.5
1958,7,Sahel,151.6
1958,8,Coastal,71.39999999999999
1958,8,Guinea Savanna,186.79999999999998
1958,8,Sahel,254.0
1958,9,Coastal,235.5666666666667
1958,9,Guinea Savanna,240.26666666666665
1958,9,Sahel,155.83333333333334
1958,10,Coastal,312.5
1958,10,Guinea Savanna,77.8
1958,10,Sahel,1.3666666666666665
1958,11,Coastal,246.53333333333333
1958,11,Guinea Savanna,9.633333333333333
1958,11,Sahel,0.0
1958,12,Coastal,81.36666666666666
1958,12,Guinea Savanna,1.7666666666666666
1958,12,Sahel,0.0
1959,1,Coastal,79.3
1959,1,Guinea Savanna,2.8000000000000003
1959,1,Sahel,0.0
1959,2,Coastal,79.7
1959,2,Guinea Savanna,18.866666666666664
1959,2,Sahel,0.4666666666666666
1959,3,Coastal,118.5
1959,3,Guinea Savanna,12.399999999999999
1959,3,Sahel,0.0
1959,4,Coastal,180.36666666666667
1959,4,Guinea Savanna,28.8
1959,4,Sahel,0.06666666666666667
1959,5,Coastal,261.7
1959,5,Guinea Savanna,116.66666666666667
1959,5,Sahel,11.100000000000001
1959,6,Coastal,340.90000000000003
1959,6,Guinea Savanna,136.63333333333333
1959,6,Sahel,7.233333333333334
1959,7,Coastal,283.7
1959,7,Guinea Savanna,166.2
1959,7,Sahel,105.5
1959,8,Coastal,111.93333333333332
1959,8,Guinea Savanna,233.16666666666666
1959,8,Sahel,314.5
1959,9,Coastal,214.23333333333335
1959,9,Guinea Savanna,277.76666666666665
1959,9,Sahel,86.59999999999998
1959,10,Coastal,239.16666666666666
1959,10,Guinea Savanna,41.199999999999996
1959,10,Sahel,0.10000000000000002
1959,11,Coastal,165.96666666666667
1959,11,Guinea Savanna,6.333333333333333
1959,11,Sahel,0.0
1959,12,Coastal,49.56666666666666
1959,12,Guinea Savanna,0.13333333333333333
1959,12,Sahel,0.0
1960,1,Coastal,49.26666666666667
1960,1,Guinea Savanna,0.4666666666666666
1960,1,Sahel,0.0
1960,2,Coastal,60.26666666666667
1960,2,Guinea Savanna,0.3333333333333333
1960,2,Sahel,0.0
1960,3,Coastal,155.23333333333332
1960,3,Guinea Savanna,16.633333333333336
1960,3,Sahel,0.09999999999999999
1960,4,Coastal,247.83333333333334
1960,4,Guinea Savanna,85.39999999999999
1960,4,Sahel,1.0666666666666667
1960,5,Coastal,274.90000000000003
1960,5,Guinea Savanna,107.60000000000001
1960,5,Sahel,6.1000000000000005
1960,6,Coastal,319.06666666666666
1960,6,Guinea Savanna,209.63333333333335
1960,6,Sahel,35.733333333333334
1960,7,Coastal,225.33333333333334
1960,7,Guinea Savanna,218.13333333333333
1960,7,Sahel,162.43333333333334
1960,8,Coastal,218.36666666666667
1960,8,Guinea Savanna,211.53333333333333
1960,8,Sahel,139.06666666666666
1960,9,Coastal,321.59999999999997
1960,9,Guinea Savanna,272.59999999999997
1960,9,Sahel,81.63333333333334
1960,10,Coastal,320.7
1960,10,Guinea Savanna,130.9
1960,10,Sahel,4.766666666666667
1960,11,Coastal,160.96666666666667
1960,11,Guinea Savanna,10.133333333333333
1960,11,Sahel,0.03333333333333333
1960,12,Coastal,153.13333333333333
1960,12,Guinea Savanna,3.766666666666667
1960,12,Sahel,0.5666666666666667
1961,1,Coastal,73.46666666666667
1961,1,Guinea Savanna,6.366666666666667
1961,1,Sahel,0.0
1961,2,Coastal,34.266666666666666
1961,2,Guinea Savanna,0.03333333333333333
1961,2,Sahel,0.0
1961,3,Coastal,108.13333333333333
1961,3,Guinea Savanna,6.366666666666667
1961,3,Sahel,0.3
1961,4,Coastal,278.76666666666665
1961,4,Guinea Savanna,58.76666666666667
1961,4,Sahel,2.033333333333333
1961,5,Coastal,288.8333333333333
1961,5,Guinea Savanna,114.73333333333333
1961,5,Sahel,4.633333333333334
1961,6,Coastal,346.1333333333334
1961,6,Guinea Savanna,176.4333333333333
1961,6,Sahel,39.333333333333336
1961,7,Coastal,285.26666666666665
1961,7,Guinea Savanna,229.9
1961,7,Sahel,188.03333333333333
1961,8,Coastal,76.73333333333333
1961,8,Guinea Savanna,156.53333333333333
1961,8,Sahel,280.93333333333334
1961,9,Coastal,186.33333333333334
1961,9,Guinea Savanna,228.4666666666667
1961,9,Sahel,63.199999999999996
1961,10,Coastal,293.0
1961,10,Guinea Savanna,56.1
1961,10,Sahel,0.0
1961,11,Coastal,138.36666666666667
1961,11,Guinea Savanna,1.8999999999999997
1961,11,Sahel,0.0
1961,12,Coastal,29.666666666666668
1961,12,Guinea Savanna,0.06666666666666667
1961,12,Sahel,0.0
1962,1,Coastal,38.800000000000004
1962,1,Guinea Savanna,0.03333333333333333
1962,1,Sahel,0.0
1962,2,Coastal,52.333333333333336
1962,2,Guinea Savanna,0.10000000000000002
1962,2,Sahel,0.0
1962,3,Coastal,242.36666666666665
1962,3,Guinea Savanna,12.733333333333334
1962,3,Sahel,0.3333333333333333
1962,4,Coastal,255.66666666666666
1962,4,Guinea Savanna,91.23333333333333
1962,4,Sahel,3.1666666666666665
1962,5,Coastal,289.06666666666666
1962,5,Guinea Savanna,162.46666666666667
1962,5,Sahel,7.400000000000001
1962,6,Coastal,356.6666666666667
1962,6,Guinea Savanna,215.6
1962,6,Sahel,61.800000000000004
1962,7,Coastal,230.76666666666665
1962,7,Guinea Savanna,223.66666666666666
1962,7,Sahel,227.93333333333337
1962,8,Coastal,186.70000000000002
1962,8,Guinea Savanna,223.5666666666667
1962,8,Sahel,210.26666666666665
1962,9,Coastal,210.83333333333334
1962,9,Guinea Savanna,295.8666666666667
1962,9,Sahel,60.03333333333334
1962,10,Coastal,291.3
1962,10,Guinea Savanna,111.2
1962,10,Sahel,7.3
1962,11,Coastal,223.26666666666665
1962,11,Guinea Savanna,23.96666666666667
1962,11,Sahel,0.2333333333333333
1962,12,Coastal,63.63333333333333
1962,12,Guinea Savanna,0.39999999999999997
1962,12,Sahel,0.0
1963,1,Coastal,49.26666666666667
1963,1,Guinea Savanna,0.13333333333333333
1963,1,Sahel,0.0
1963,2,Coastal,81.56666666666666
1963,2,Guinea Savanna,0.16666666666666666
1963,2,Sahel,0.0
1963,3,Coastal,97.96666666666665
1963,3,Guinea Savanna,4.6000000000000005
1963,3,Sahel,0.0
1963,4,Coastal,215.86666666666667
1963,4,Guinea Savanna,72.03333333333333
1963,4,Sahel,3.466666666666667
1963,5,Coastal,290.23333333333335
1963,5,Guinea Savanna,202.0666666666667
1963,5,Sahel,22.133333333333336
1963,6,Coastal,252.5666666666667
1963,6,Guinea Savanna,212.0666666666667
1963,6,Sahel,58.46666666666667
1963,7,Coastal,297.06666666666666
1963,7,Guinea Savanna,249.03333333333333
1963,7,Sahel,144.06666666666666
1963,8,Coastal,231.0
1963,8,Guinea Savanna,248.13333333333333
1963,8,Sahel,214.13333333333333
1963,9,Coastal,245.86666666666667
1963,9,Guinea Savanna,195.73333333333335
1963,9,Sahel,50.166666666666664
1963,10,Coastal,228.63333333333333
1963,10,Guinea Savanna,152.70000000000002
1963,10,Sahel,28.099999999999998
1963,11,Coastal,110.03333333333332
1963,11,Guinea Savanna,0.8666666666666667
1963,11,Sahel,0.0
1963,12,Coastal,54.43333333333333
1963,12,Guinea Savanna,0.06666666666666667
1963,12,Sahel,0.0
1964,1,Coastal,43.666666666666664
1964,1,Guinea Savanna,2.7999999999999994
1964,1,Sahel,0.0
1964,2,Coastal,31.766666666666666
1964,2,Guinea Savanna,0.3666666666666667
1964,2,Sahel,0.03333333333333333
1964,3,Coastal,122.56666666666666
1964,3,Guinea Savanna,0.6333333333333333
1964,3,Sahel,0.03333333333333333
1964,4,Coastal,182.16666666666666
1964,4,Guinea Savanna,16.366666666666667
1964,4,Sahel,0.0
1964,5,Coastal,227.36666666666667
1964,5,Guinea Savanna,41.4
1964,5,Sahel,0.5
1964,6,Coastal,258.2
1964,6,Guinea Savanna,185.29999999999998
1964,6,Sahel,30.233333333333334
1964,7,Coastal,261.6333333333333
1964,7,Guinea Savanna,198.46666666666667
1964,7,Sahel,134.5
1964,8,Coastal,101.96666666666665
1964,8,Guinea Savanna,155.79999999999998
1964,8,Sahel,239.96666666666667
1964,9,Coastal,208.63333333333333
1964,9,Guinea Savanna,229.29999999999998
1964,9,Sahel,78.56666666666666
1964,10,Coastal,257.73333333333335
1964,10,Guinea Savanna,16.266666666666666
1964,10,Sahel,0.09999999999999999
1964,11,Coastal,119.7
1964,11,Guinea Savanna,0.16666666666666666
1964,11,Sahel,0.0
1964,12,Coastal,98.36666666666667
1964,12,Guinea Savanna,8.033333333333333
1964,12,Sahel,0.0
1965,1,Coastal,95.53333333333335
1965,1,Guinea Savanna,5.066666666666667
1965,1,Sahel,0.03333333333333333
1965,2,Coastal,175.73333333333335
1965,2,Guinea Savanna,11.333333333333334
1965,2,Sahel,0.03333333333333333
1965,3,Coastal,159.5666666666667
1965,3,Guinea Savanna,18.133333333333333
1965,3,Sahel,0.09999999999999999
1965,4,Coastal,204.6
1965,4,Guinea Savanna,48.23333333333333
1965,4,Sahel,0.0
1965,5,Coastal,270.06666666666666
1965,5,Guinea Savanna,78.3
1965,5,Sahel,5.033333333333333
1965,6,Coastal,317.8666666666667
1965,6,Guinea Savanna,238.36666666666667
1965,6,Sahel,80.36666666666666
1965,7,Coastal,317.1333333333333
1965,7,Guinea Savanna,251.86666666666667
1965,7,Sahel,144.29999999999998
1965,8,Coastal,320.6333333333333
1965,8,Guinea Savanna,212.13333333333333
1965,8,Sahel,107.76666666666667
1965,9,Coastal,244.16666666666666
1965,9,Guinea Savanna,200.20000000000002
1965,9,Sahel,62.13333333333333
1965,10,Coastal,185.83333333333334
1965,10,Guinea Savanna,36.266666666666666
1965,10,Sahel,3.1333333333333333
1965,11,Coastal,77.0
1965,11,Guinea Savanna,0.23333333333333336
1965,11,Sahel,0.0
1965,12,Coastal,67.36666666666666
1965,12,Guinea Savanna,0.3666666666666667
1965,12,Sahel,0.0
1966,1,Coastal,41.9
1966,1,Guinea Savanna,0.23333333333333336
1966,1,Sahel,0.0
1966,2,Coastal,38.23333333333333
1966,2,Guinea Savanna,0.13333333333333333
1966,2,Sahel,0.0
1966,3,Coastal,136.86666666666665
1966,3,Guinea Savanna,3.1666666666666665
1966,3,Sahel,0.0
1966,4,Coastal,215.5
1966,4,Guinea Savanna,83.3
1966,4,Sahel,19.133333333333333
1966,5,Coastal,285.2
1966,5,Guinea Savanna,139.20000000000002
1966,5,Sahel,45.93333333333334
1966,6,Coastal,243.76666666666665
1966,6,Guinea Savanna,180.96666666666667
1966,6,Sahel,46.800000000000004
1966,7,Coastal,262.46666666666664
1966,7,Guinea Savanna,248.86666666666667
1966,7,Sahel,116.7
1966,8,Coastal,305.96666666666664
1966,8,Guinea Savanna,232.0666666666667
1966,8,Sahel,145.20000000000002
1966,9,Coastal,267.09999999999997
1966,9,Guinea Savanna,230.93333333333337
1966,9,Sahel,60.13333333333333
1966,10,Coastal,241.4
1966,10,Guinea Savanna,83.16666666666667
1966,10,Sahel,1.9666666666666668
1966,11,Coastal,109.16666666666667
1966,11,Guinea Savanna,0.19999999999999998
1966,11,Sahel,0.0
1966,12,Coastal,106.73333333333333
1966,12,Guinea Savanna,2.8333333333333335
1966,12,Sahel,0.0
1967,1,Coastal,31.7
1967,1,Guinea Savanna,0.03333333333333333
1967,1,Sahel,0.0
1967,2,Coastal,73.60000000000001
1967,2,Guinea Savanna,0.5666666666666668
1967,2,Sahel,0.13333333333333333
1967,3,Coastal,152.76666666666665
1967,3,Guinea Savanna,22.400000000000002
1967,3,Sahel,0.4333333333333334
1967,4,Coastal,261.43333333333334
1967,4,Guinea Savanna,83.66666666666667
1967,4,Sahel,4.766666666666667
1967,5,Coastal,334.2666666666667
1967,5,Guinea Savanna,122.56666666666666
1967,5,Sahel,9.033333333333333
1967,6,Coastal,352.9666666666667
1967,6,Guinea Savanna,234.16666666666666
1967,6,Sahel,88.03333333333335
1967,7,Coastal,319.7
1967,7,Guinea Savanna,230.83333333333334
1967,7,Sahel,200.36666666666665
1967,8,Coastal,256.23333333333335
1967,8,Guinea Savanna,249.66666666666666
1967,8,Sahel,327.3
1967,9,Coastal,291.46666666666664
1967,9,Guinea Savanna,252.33333333333334
1967,9,Sahel,86.8
1967,10,Coastal,298.5333333333333
1967,10,Guinea Savanna,37.43333333333333
1967,10,Sahel,1.2333333333333334
1967,11,Coastal,141.1
1967,11,Guinea Savanna,11.966666666666667
1967,11,Sahel,0.0
1967,12,Coastal,152.20000000000002
1967,12,Guinea Savanna,7.866666666666666
1967,12,Sahel,0.03333333333333333
1968,1,Coastal,81.06666666666668
1968,1,Guinea Savanna,0.8000000000000002
1968,1,Sahel,0.0
1968,2,Coastal,109.76666666666667
1968,2,Guinea Savanna,8.333333333333334
1968,2,Sahel,0.0
1968,3,Coastal,210.83333333333334
1968,3,Guinea Savanna,20.266666666666666
1968,3,Sahel,0.0
1968,4,Coastal,220.03333333333333
1968,4,Guinea Savanna,121.86666666666667
1968,4,Sahel,30.133333333333336
1968,5,Coastal,311.1333333333333
1968,5,Guinea Savanna,204.26666666666665
1968,5,Sahel,55.666666666666664
1968,6,Coastal,331.0
1968,6,Guinea Savanna,239.03333333333333
1968,6,Sahel,145.79999999999998
1968,7,Coastal,402.2
1968,7,Guinea Savanna,292.56666666666666
1968,7,Sahel,138.23333333333332
1968,8,Coastal,231.0
1968,8,Guinea Savanna,279.0333333333333
1968,8,Sahel,134.86666666666667
1968,9,Coastal,419.9666666666667
1968,9,Guinea Savanna,270.8666666666667
1968,9,Sahel,70.3
1968,10,Coastal,312.1666666666667
1968,10,Guinea Savanna,76.56666666666666
1968,10,Sahel,6.366666666666667
1968,11,Coastal,208.0
1968,11,Guinea Savanna,5.7
1968,11,Sahel,0.0
1968,12,Coastal,95.73333333333333
1968,12,Guinea Savanna,1.0666666666666667
1968,12,Sahel,0.0
1969,1,Coastal,65.36666666666666
1969,1,Guinea Savanna,0.43333333333333335
1969,1,Sahel,0.0
1969,2,Coastal,101.43333333333334
1969,2,Guinea Savanna,2.6999999999999997
1969,2,Sahel,0.0
1969,3,Coastal,262.90000000000003
1969,3,Guinea Savanna,18.666666666666668
1969,3,Sahel,0.7666666666666666
1969,4,Coastal,273.93333333333334
1969,4,Guinea Savanna,110.33333333333333
1969,4,Sahel,8.633333333333331
1969,5,Coastal,300.1333333333333
1969,5,Guinea Savanna,128.5
1969,5,Sahel,14.333333333333334
1969,6,Coastal,362.93333333333334
1969,6,Guinea Savanna,173.53333333333333
1969,6,Sahel,48.43333333333334
1969,7,Coastal,288.40000000000003
1969,7,Guinea Savanna,290.23333333333335
1969,7,Sahel,175.33333333333334
1969,8,Coastal,264.43333333333334
1969,8,Guinea Savanna,267.09999999999997
1969,8,Sahel,229.46666666666667
1969,9,Coastal,305.40000000000003
1969,9,Guinea Savanna,228.0333333333333
1969,9,Sahel,100.93333333333334
1969,10,Coastal,316.0333333333333
1969,10,Guinea Savanna,167.63333333333333
1969,10,Sahel,81.96666666666667
1969,11,Coastal,184.83333333333334
1969,11,Guinea Savanna,38.1
1969,11,Sahel,1.7666666666666666
1969,12,Coastal,98.89999999999999
1969,12,Guinea Savanna,0.09999999999999999
1969,12,Sahel,0.0
1970,1,Coastal,101.56666666666666
1970,1,Guinea Savanna,4.3
1970,1,Sahel,0.0
1970,2,Coastal,85.36666666666667
1970,2,Guinea Savanna,0.3666666666666667
1970,2,Sahel,0.0
1970,3,Coastal,180.03333333333333
1970,3,Guinea Savanna,46.73333333333334
1970,3,Sahel,0.16666666666666666
1970,4,Coastal,306.6666666666667
1970,4,Guinea Savanna,60.900000000000006
1970,4,Sahel,0.20000000000000004
1970,5,Coastal,310.8666666666667
1970,5,Guinea Savanna,228.9333333333333
1970,5,Sahel,43.76666666666667
1970,6,Coastal,327.76666666666665
1970,6,Guinea Savanna,192.5666666666667
1970,6,Sahel,33.13333333333333
1970,7,Coastal,317.56666666666666
1970,7,Guinea Savanna,227.86666666666665
1970,7,Sahel,138.86666666666667
1970,8,Coastal,188.16666666666666
1970,8,Guinea Savanna,237.70000000000002
1970,8,Sahel,232.53333333333333
1970,9,Coastal,247.5
1970,9,Guinea Savanna,244.0
1970,9,Sahel,89.3
1970,10,Coastal,294.7
1970,10,Guinea Savanna,67.33333333333333
1970,10,Sahel,3.766666666666667
1970,11,Coastal,173.83333333333334
1970,11,Guinea Savanna,0.4666666666666666
1970,11,Sahel,0.0
1970,12,Coastal,49.06666666666667
1970,12,Guinea Savanna,0.03333333333333333
1970,12,Sahel,0.0
1971,1,Coastal,74.7
1971,1,Guinea Savanna,0.5666666666666667
1971,1,Sahel,0.39999999999999997
1971,2,Coastal,123.43333333333332
1971,2,Guinea Savanna,9.433333333333332
1971,2,Sahel,0.0
1971,3,Coastal,272.3333333333333
1971,3,Guinea Savanna,44.96666666666667
1971,3,Sahel,1.1666666666666667
1971,4,Coastal,267.8
1971,4,Guinea Savanna,44.9
1971,4,Sahel,0.4666666666666666
1971,5,Coastal,259.43333333333334
1971,5,Guinea Savanna,165.36666666666667
1971,5,Sahel,37.5
1971,6,Coastal,294.76666666666665
1971,6,Guinea Savanna,207.4666666666667
1971,6,Sahel,35.4
1971,7,Coastal,373.8666666666666
1971,7,Guinea Savanna,317.6666666666667
1971,7,Sahel,138.26666666666665
1971,8,Coastal,208.5
1971,8,Guinea Savanna,281.96666666666664
1971,8,Sahel,235.36666666666667
1971,9,Coastal,279.8666666666667
1971,9,Guinea Savanna,229.4333333333333
1971,9,Sahel,115.0
1971,10,Coastal,349.1333333333334
1971,10,Guinea Savanna,98.3
1971,10,Sahel,4.6000000000000005
1971,11,Coastal,167.26666666666668
1971,11,Guinea Savanna,0.26666666666666666
1971,11,Sahel,0.0
1971,12,Coastal,150.5
1971,12,Guinea Savanna,3.4333333333333336
1971,12,Sahel,0.0
1972,1,Coastal,109.56666666666666
1972,1,Guinea Savanna,6.3
1972,1,Sahel,0.0
1972,2,Coastal,153.1
1972,2,Guinea Savanna,12.066666666666668
1972,2,Sahel,0.0
1972,3,Coastal,231.29999999999998
1972,3,Guinea Savanna,59.199999999999996
1972,3,Sahel,2.2666666666666666
1972,4,Coastal,257.5333333333333
1972,4,Guinea Savanna,151.13333333333333
1972,4,Sahel,10.5
1972,5,Coastal,316.3333333333333
1972,5,Guinea Savanna,240.20000000000002
1972,5,Sahel,45.23333333333333
1972,6,Coastal,297.8333333333333
1972,6,Guinea Savanna,211.5
1972,6,Sahel,63.86666666666667
1972,7,Coastal,351.90000000000003
1972,7,Guinea Savanna,202.4
1972,7,Sahel,105.46666666666665
1972,8,Coastal,249.19999999999996
1972,8,Guinea Savanna,249.9333333333333
1972,8,Sahel,160.9
1972,9,Coastal,251.0666666666667
1972,9,Guinea Savanna,215.0
1972,9,Sahel,74.0
1972,10,Coastal,235.73333333333335
1972,10,Guinea Savanna,141.96666666666667
1972,10,Sahel,24.3
1972,11,Coastal,73.06666666666666
1972,11,Guinea Savanna,0.0
1972,11,Sahel,0.0
1972,12,Coastal,59.1
1972,12,Guinea Savanna,1.4000000000000001
1972,12,Sahel,0.0
1973,1,Coastal,83.10000000000001
1973,1,Guinea Savanna,0.23333333333333336
1973,1,Sahel,0.0
1973,2,Coastal,108.3
1973,2,Guinea Savanna,1.0666666666666667
1973,2,Sahel,0.0
1973,3,Coastal,178.66666666666666
1973,3,Guinea Savanna,19.866666666666667
1973,3,Sahel,0.0
1973,4,Coastal,293.23333333333335
1973,4,Guinea Savanna,71.36666666666666
1973,4,Sahel,2.5000000000000004
1973,5,Coastal,285.0
1973,5,Guinea Savanna,67.8
1973,5,Sahel,6.266666666666667
1973,6,Coastal,369.4666666666667
1973,6,Guinea Savanna,192.0
1973,6,Sahel,38.800000000000004
1973,7,Coastal,307.3
1973,7,Guinea Savanna,214.5333333333333
1973,7,Sahel,151.29999999999998
1973,8,Coastal,304.03333333333336
1973,8,Guinea Savanna,253.0
1973,8,Sahel,152.23333333333332
1973,9,Coastal,357.43333333333334
1973,9,Guinea Savanna,320.53333333333336
1973,9,Sahel,86.33333333333333
1973,10,Coastal,300.6666666666667
1973,10,Guinea Savanna,107.5
1973,10,Sahel,3.266666666666667
1973,11,Coastal,111.83333333333333
1973,11,Guinea Savanna,0.26666666666666666
1973,11,Sahel,0.0
1973,12,Coastal,156.79999999999998
1973,12,Guinea Savanna,2.6
1973,12,Sahel,0.0
1974,1,Coastal,46.4
1974,1,Guinea Savanna,0.19999999999999998
1974,1,Sahel,0.19999999999999998
1974,2,Coastal,108.5
1974,2,Guinea Savanna,5.233333333333333
1974,2,Sahel,0.03333333333333333
1974,3,Coastal,163.03333333333333
1974,3,Guinea Savanna,21.8
1974,3,Sahel,0.0
1974,4,Coastal,282.76666666666665
1974,4,Guinea Savanna,67.73333333333333
1974,4,Sahel,2.8333333333333335
1974,5,Coastal,308.03333333333336
1974,5,Guinea Savanna,133.29999999999998
1974,5,Sahel,33.333333333333336
1974,6,Coastal,360.2
1974,6,Guinea Savanna,215.4
1974,6,Sahel,37.300000000000004
1974,7,Coastal,325.76666666666665
1974,7,Guinea Savanna,241.33333333333334
1974,7,Sahel,201.96666666666667
1974,8,Coastal,228.9
1974,8,Guinea Savanna,272.09999999999997
1974,8,Sahel,225.9333333333333
1974,9,Coastal,336.6666666666667
1974,9,Guinea Savanna,240.03333333333333
1974,9,Sahel,107.36666666666667
1974,10,Coastal,328.9
1974,10,Guinea Savanna,91.89999999999999
1974,10,Sahel,9.866666666666667
1974,11,Coastal,195.5
1974,11,Guinea Savanna,2.3333333333333335
1974,11,Sahel,0.0
1974,12,Coastal,59.833333333333336
1974,12,Guinea Savanna,0.06666666666666667
1974,12,Sahel,0.0
1975,1,Coastal,23.0
1975,1,Guinea Savanna,0.06666666666666667
1975,1,Sahel,0.0
1975,2,Coastal,143.70000000000002
1975,2,Guinea Savanna,13.066666666666665
1975,2,Sahel,0.0
1975,3,Coastal,218.03333333333333
1975,3,Guinea Savanna,26.96666666666667
1975,3,Sahel,0.10000000000000002
1975,4,Coastal,244.9
1975,4,Guinea Savanna,107.36666666666667
1975,4,Sahel,6.066666666666666
1975,5,Coastal,255.36666666666667
1975,5,Guinea Savanna,208.5666666666667
1975,5,Sahel,41.36666666666667
1975,6,Coastal,277.8
1975,6,Guinea Savanna,192.5666666666667
1975,6,Sahel,46.53333333333333
1975,7,Coastal,377.59999999999997
1975,7,Guinea Savanna,290.4
1975,7,Sahel,180.96666666666667
1975,8,Coastal,105.10000000000001
1975,8,Guinea Savanna,196.79999999999998
1975,8,Sahel,275.8333333333333
1975,9,Coastal,232.63333333333333
1975,9,Guinea Savanna,225.96666666666667
1975,9,Sahel,126.33333333333333
1975,10,Coastal,303.03333333333336
1975,10,Guinea Savanna,83.1
1975,10,Sahel,3.2999999999999994
1975,11,Coastal,291.73333333333335
1975,11,Guinea Savanna,30.600000000000005
1975,11,Sahel,0.06666666666666667
1975,12,Coastal,99.76666666666667
1975,12,Guinea Savanna,4.266666666666667
1975,12,Sahel,0.0
1976,1,Coastal,85.83333333333333
1976,1,Guinea Savanna,0.6666666666666666
1976,1,Sahel,0.0
1976,2,Coastal,257.76666666666665
1976,2,Guinea Savanna,48.800000000000004
1976,2,Sahel,0.4333333333333333
1976,3,Coastal,231.73333333333335
1976,3,Guinea Savanna,25.599999999999998
1976,3,Sahel,0.0
1976,4,Coastal,246.23333333333335
1976,4,Guinea Savanna,95.26666666666667
1976,4,Sahel,9.266666666666667
1976,5,Coastal,280.59999999999997
1976,5,Guinea Savanna,207.70000000000002
1976,5,Sahel,35.9
1976,6,Coastal,337.0
1976,6,Guinea Savanna,207.73333333333335
1976,6,Sahel,72.2
1976,7,Coastal,217.63333333333333
1976,7,Guinea Savanna,164.73333333333335
1976,7,Sahel,105.13333333333333
1976,8,Coastal,233.13333333333335
1976,8,Guinea Savanna,220.23333333333335
1976,8,Sahel,154.33333333333334
1976,9,Coastal,222.86666666666667
1976,9,Guinea Savanna,244.26666666666665
1976,9,Sahel,86.36666666666667
1976,10,Coastal,312.43333333333334
1976,10,Guinea Savanna,192.80000000000004
1976,10,Sahel,68.73333333333333
1976,11,Coastal,212.26666666666665
1976,11,Guinea Savanna,23.833333333333332
1976,11,Sahel,0.03333333333333333
1976,12,Coastal,118.10000000000001
1976,12,Guinea Savanna,2.0
1976,12,Sahel,0.0
1977,1,Coastal,99.76666666666667
1977,1,Guinea Savanna,6.7
1977,1,Sahel,0.0
1977,2,Coastal,80.06666666666666
1977,2,Guinea Savanna,1.1
1977,2,Sahel,0.0
1977,3,Coastal,97.93333333333334
1977,3,Guinea Savanna,18.566666666666666
1977,3,Sahel,1.5
1977,4,Coastal,224.0
1977,4,Guinea Savanna,10.766666666666666
1977,4,Sahel,0.0
1977,5,Coastal,280.3666666666667
1977,5,Guinea Savanna,151.86666666666667
1977,5,Sahel,21.63333333333333
1977,6,Coastal,311.0
1977,6,Guinea Savanna,155.53333333333333
1977,6,Sahel,64.33333333333333
1977,7,Coastal,283.53333333333336
1977,7,Guinea Savanna,189.63333333333333
1977,7,Sahel,125.0
1977,8,Coastal,166.20000000000002
1977,8,Guinea Savanna,208.4666666666667
1977,8,Sahel,270.90000000000003
1977,9,Coastal,297.06666666666666
1977,9,Guinea Savanna,218.69999999999996
1977,9,Sahel,93.03333333333335
1977,10,Coastal,257.56666666666666
1977,10,Guinea Savanna,113.16666666666667
1977,10,Sahel,11.299999999999999
1977,11,Coastal,113.26666666666667
1977,11,Guinea Savanna,0.06666666666666667
1977,11,Sahel,0.0
1977,12,Coastal,83.46666666666665
1977,12,Guinea Savanna,2.533333333333333
1977,12,Sahel,0.0
1978,1,Coastal,56.06666666666667
1978,1,Guinea Savanna,0.5666666666666667
1978,1,Sahel,0.0
1978,2,Coastal,123.56666666666666
1978,2,Guinea Savanna,9.933333333333334
1978,2,Sahel,0.0
1978,3,Coastal,262.90000000000003
1978,3,Guinea Savanna,33.0
1978,3,Sahel,2.9000000000000004
1978,4,Coastal,266.56666666666666
1978,4,Guinea Savanna,194.29999999999998
1978,4,Sahel,30.900000000000002
1978,5,Coastal,253.79999999999998
1978,5,Guinea Savanna,202.0666666666667
1978,5,Sahel,54.6
1978,6,Coastal,370.2
1978,6,Guinea Savanna,219.4
1978,6,Sahel,84.60000000000001
1978,7,Coastal,186.1
1978,7,Guinea Savanna,228.4
1978,7,Sahel,147.23333333333335
1978,8,Coastal,196.20000000000002
1978,8,Guinea Savanna,344.93333333333334
1978,8,Sahel,170.23333333333332
1978,9,Coastal,367.7333333333333
1978,9,Guinea Savanna,205.26666666666668
1978,9,Sahel,107.06666666666666
1978,10,Coastal,309.3333333333333
1978,10,Guinea Savanna,152.5
1978,10,Sahel,18.099999999999998
1978,11,Coastal,124.83333333333333
1978,11,Guinea Savanna,9.866666666666667
1978,11,Sahel,0.03333333333333333
1978,12,Coastal,73.66666666666667
1978,12,Guinea Savanna,0.6333333333333334
1978,12,Sahel,0.0
1979,1,Coastal,49.03333333333333
1979,1,Guinea Savanna,2.466666666666667
1979,1,Sahel,0.0
1979,2,Coastal,130.26666666666668
1979,2,Guinea Savanna,6.366666666666666
1979,2,Sahel,0.0
1979,3,Coastal,192.9
1979,3,Guinea Savanna,29.833333333333332
1979,3,Sahel,0.8999999999999999
1979,4,Coastal,288.56666666666666
1979,4,Guinea Savanna,91.63333333333333
1979,4,Sahel,6.8
1979,5,Coastal,244.0
1979,5,Guinea Savanna,215.70000000000002
1979,5,Sahel,71.43333333333334
1979,6,Coastal,415.3
1979,6,Guinea Savanna,224.53333333333333
1979,6,Sahel,91.0
1979,7,Coastal,365.6666666666667
1979,7,Guinea Savanna,232.9333333333333
1979,7,Sahel,167.70000000000002
1979,8,Coastal,237.16666666666666
1979,8,Guinea Savanna,250.29999999999998
1979,8,Sahel,146.86666666666667
1979,9,Coastal,317.43333333333334
1979,9,Guinea Savanna,244.83333333333334
1979,9,Sahel,87.46666666666665
1979,10,Coastal,288.90000000000003
1979,10,Guinea Savanna,99.53333333333335
1979,10,Sahel,11.166666666666666
1979,11,Coastal,230.73333333333335
1979,11,Guinea Savanna,16.633333333333333
1979,11,Sahel,0.6333333333333334
1979,12,Coastal,38.56666666666667
1979,12,Guinea Savanna,0.13333333333333333
1979,12,Sahel,0.0
1980,1,Coastal,76.16666666666667
1980,1,Guinea Savanna,0.3666666666666667
1980,1,Sahel,0.0
1980,2,Coastal,118.66666666666667
1980,2,Guinea Savanna,4.233333333333333
1980,2,Sahel,0.0
1980,3,Coastal,195.83333333333334
1980,3,Guinea Savanna,14.166666666666666
1980,3,Sahel,0.0
1980,4,Coastal,284.1666666666667
1980,4,Guinea Savanna,35.333333333333336
1980,4,Sahel,5.033333333333334
1980,5,Coastal,370.59999999999997
1980,5,Guinea Savanna,183.79999999999998
1980,5,Sahel,61.93333333333334
1980,6,Coastal,381.59999999999997
1980,6,Guinea Savanna,221.4
1980,6,Sahel,77.06666666666666
1980,7,Coastal,326.46666666666664
1980,7,Guinea Savanna,248.80000000000004
1980,7,Sahel,182.0666666666667
1980,8,Coastal,366.5333333333333
1980,8,Guinea Savanna,316.2
1980,8,Sahel,169.83333333333334
1980,9,Coastal,293.8
1980,9,Guinea Savanna,236.4333333333333
1980,9,Sahel,55.699999999999996
1980,10,Coastal,392.8333333333333
1980,10,Guinea Savanna,187.5
1980,10,Sahel,16.433333333333334
1980,11,Coastal,224.13333333333333
1980,11,Guinea Savanna,15.066666666666668
1980,11,Sahel,0.2333333333333333
1980,12,Coastal,67.8
1980,12,Guinea Savanna,2.3000000000000003
1980,12,Sahel,0.0
1981,1,Coastal,63.06666666666666
1981,1,Guinea Savanna,0.5666666666666667
1981,1,Sahel,0.0
1981,2,Coastal,72.43333333333334
1981,2,Guinea Savanna,4.1000000000000005
1981,2,Sahel,0.0
1981,3,Coastal,219.83333333333334
1981,3,Guinea Savanna,11.133333333333333
1981,3,Sahel,0.2333333333333333
1981,4,Coastal,230.26666666666665
1981,4,Guinea Savanna,76.89999999999999
1981,4,Sahel,13.666666666666666
1981,5,Coastal,339.56666666666666
1981,5,Guinea Savanna,224.79999999999998
1981,5,Sahel,45.6
1981,6,Coastal,323.8333333333333
1981,6,Guinea Savanna,159.76666666666665
1981,6,Sahel,61.96666666666667
1981,7,Coastal,288.3333333333333
1981,7,Guinea Savanna,233.83333333333334
1981,7,Sahel,197.96666666666667
1981,8,Coastal,229.26666666666665
1981,8,Guinea Savanna,282.0
1981,8,Sahel,141.66666666666666
1981,9,Coastal,279.40000000000003
1981,9,Guinea Savanna,241.13333333333333
1981,9,Sahel,116.53333333333335
1981,10,Coastal,303.40000000000003
1981,10,Guinea Savanna,95.66666666666667
1981,10,Sahel,1.5333333333333332
1981,11,Coastal,122.56666666666666
1981,11,Guinea Savanna,1.8666666666666665
1981,11,Sahel,0.0
1981,12,Coastal,67.06666666666666
1981,12,Guinea Savanna,0.8333333333333334
1981,12,Sahel,0.0
1982,1,Coastal,131.20000000000002
1982,1,Guinea Savanna,5.433333333333334
1982,1,Sahel,0.5
1982,2,Coastal,117.66666666666667
1982,2,Guinea Savanna,20.033333333333335
1982,2,Sahel,0.13333333333333333
1982,3,Coastal,215.1
1982,3,Guinea Savanna,32.06666666666667
1982,3,Sahel,0.6666666666666666
1982,4,Coastal,214.73333333333335
1982,4,Guinea Savanna,101.8
1982,4,Sahel,3.8000000000000003
1982,5,Coastal,319.93333333333334
1982,5,Guinea Savanna,182.03333333333333
1982,5,Sahel,16.566666666666666
1982,6,Coastal,320.76666666666665
1982,6,Guinea Savanna,224.46666666666667
1982,6,Sahel,58.699999999999996
1982,7,Coastal,322.7
1982,7,Guinea Savanna,224.73333333333335
1982,7,Sahel,111.13333333333333
1982,8,Coastal,133.73333333333335
1982,8,Guinea Savanna,238.20000000000002
1982,8,Sahel,162.20000000000002
1982,9,Coastal,232.79999999999998
1982,9,Guinea Savanna,273.43333333333334
1982,9,Sahel,64.46666666666665
1982,10,Coastal,257.8333333333333
1982,10,Guinea Savanna,122.3
1982,10,Sahel,16.966666666666665
1982,11,Coastal,109.10000000000001
1982,11,Guinea Savanna,1.7666666666666668
1982,11,Sahel,0.0
1982,12,Coastal,77.60000000000001
1982,12,Guinea Savanna,0.0
1982,12,Sahel,0.0
1983,1,Coastal,0.0
1983,1,Guinea Savanna,0.0
1983,1,Sahel,0.0
1983,2,Coastal,34.06666666666667
1983,2,Guinea Savanna,0.7333333333333334
1983,2,Sahel,0.0
1983,3,Coastal,74.8
1983,3,Guinea Savanna,19.366666666666667
1983,3,Sahel,3.033333333333333
1983,4,Coastal,199.63333333333333
1983,4,Guinea Savanna,37.13333333333333
1983,4,Sahel,0.03333333333333333
1983,5,Coastal,271.40000000000003
1983,5,Guinea Savanna,138.5
1983,5,Sahel,9.833333333333334
1983,6,Coastal,420.6000000000001
1983,6,Guinea Savanna,191.86666666666667
1983,6,Sahel,43.96666666666666
1983,7,Coastal,173.4
1983,7,Guinea Savanna,242.23333333333335
1983,7,Sahel,95.83333333333333
1983,8,Coastal,113.23333333333333
1983,8,Guinea Savanna,185.4
1983,8,Sahel,127.83333333333333
1983,9,Coastal,282.7
1983,9,Guinea Savanna,216.5666666666667
1983,9,Sahel,72.46666666666667
1983,10,Coastal,265.09999999999997
1983,10,Guinea Savanna,21.099999999999998
1983,10,Sahel,1.5
1983,11,Coastal,170.4
1983,11,Guinea Savanna,1.7666666666666666
1983,11,Sahel,0.0
1983,12,Coastal,153.63333333333333
1983,12,Guinea Savanna,7.7
1983,12,Sahel,0.0
1984,1,Coastal,15.666666666666666
1984,1,Guinea Savanna,0.06666666666666667
1984,1,Sahel,0.0
1984,2,Coastal,55.06666666666666
1984,2,Guinea Savanna,0.46666666666666673
1984,2,Sahel,0.0
1984,3,Coastal,210.76666666666665
1984,3,Guinea Savanna,36.4
1984,3,Sahel,0.0
1984,4,Coastal,233.66666666666666
1984,4,Guinea Savanna,89.2
1984,4,Sahel,18.566666666666666
1984,5,Coastal,245.0666666666667
1984,5,Guinea Savanna,214.5666666666667
1984,5,Sahel,43.23333333333333
1984,6,Coastal,243.29999999999998
1984,6,Guinea Savanna,205.0666666666667
1984,6,Sahel,44.03333333333334
1984,7,Coastal,316.2
1984,7,Guinea Savanna,243.6
1984,7,Sahel,94.83333333333333
1984,8,Coastal,305.43333333333334
1984,8,Guinea Savanna,246.86666666666667
1984,8,Sahel,72.0
1984,9,Coastal,268.26666666666665
1984,9,Guinea Savanna,247.5666666666667
1984,9,Sahel,76.13333333333334
1984,10,Coastal,275.43333333333334
1984,10,Guinea Savanna,109.83333333333333
1984,10,Sahel,5.833333333333333
1984,11,Coastal,149.16666666666666
1984,11,Guinea Savanna,4.866666666666666
1984,11,Sahel,0.0
1984,12,Coastal,67.76666666666667
1984,12,Guinea Savanna,5.7
1984,12,Sahel,0.0
1985,1,Coastal,124.46666666666665
1985,1,Guinea Savanna,2.5666666666666664
1985,1,Sahel,0.03333333333333333
1985,2,Coastal,38.46666666666667
1985,2,Guinea Savanna,0.7999999999999999
1985,2,Sahel,0.0
1985,3,Coastal,237.13333333333333
1985,3,Guinea Savanna,47.300000000000004
1985,3,Sahel,4.933333333333334
1985,4,Coastal,229.96666666666667
1985,4,Guinea Savanna,43.36666666666667
1985,4,Sahel,0.6
1985,5,Coastal,327.7
1985,5,Guinea Savanna,177.70000000000002
1985,5,Sahel,16.566666666666666
1985,6,Coastal,314.8666666666667
1985,6,Guinea Savanna,167.79999999999998
1985,6,Sahel,52.53333333333333
1985,7,Coastal,313.6666666666667
1985,7,Guinea Savanna,266.6666666666667
1985,7,Sahel,137.9333333333333
1985,8,Coastal,310.23333333333335
1985,8,Guinea Savanna,264.26666666666665
1985,8,Sahel,181.9333333333333
1985,9,Coastal,270.5333333333333
1985,9,Guinea Savanna,258.7
1985,9,Sahel,113.5
1985,10,Coastal,310.1666666666667
1985,10,Guinea Savanna,64.86666666666666
1985,10,Sahel,3.266666666666667
1985,11,Coastal,223.63333333333333
1985,11,Guinea Savanna,11.200000000000001
1985,11,Sahel,0.0
1985,12,Coastal,62.833333333333336
1985,12,Guinea Savanna,0.19999999999999998
1985,12,Sahel,0.0
1986,1,Coastal,43.93333333333334
1986,1,Guinea Savanna,1.0333333333333334
1986,1,Sahel,0.0
1986,2,Coastal,120.93333333333334
1986,2,Guinea Savanna,8.700000000000001
1986,2,Sahel,0.0
1986,3,Coastal,217.23333333333332
1986,3,Guinea Savanna,37.1
1986,3,Sahel,0.6
1986,4,Coastal,184.03333333333333
1986,4,Guinea Savanna,46.26666666666667
1986,4,Sahel,0.6666666666666666
1986,5,Coastal,248.29999999999998
1986,5,Guinea Savanna,165.96666666666667
1986,5,Sahel,11.1
1986,6,Coastal,215.33333333333334
1986,6,Guinea Savanna,153.8
1986,6,Sahel,39.6
1986,7,Coastal,350.5
1986,7,Guinea Savanna,246.5666666666667
1986,7,Sahel,170.16666666666666
1986,8,Coastal,260.23333333333335
1986,8,Guinea Savanna,282.3
1986,8,Sahel,159.1
1986,9,Coastal,247.0
1986,9,Guinea Savanna,222.70000000000002
1986,9,Sahel,117.66666666666667
1986,10,Coastal,432.5
1986,10,Guinea Savanna,94.8
1986,10,Sahel,10.133333333333335
1986,11,Coastal,183.46666666666667
1986,11,Guinea Savanna,22.8
1986,11,Sahel,0.03333333333333333
1986,12,Coastal,27.433333333333334
1986,12,Guinea Savanna,0.0
1986,12,Sahel,0.0
1987,1,Coastal,29.366666666666664
1987,1,Guinea Savanna,0.0
1987,1,Sahel,0.0
1987,2,Coastal,120.16666666666667
1987,2,Guinea Savanna,10.133333333333335
1987,2,Sahel,0.0
1987,3,Coastal,215.63333333333335
1987,3,Guinea Savanna,61.53333333333334
1987,3,Sahel,0.8333333333333334
1987,4,Coastal,148.03333333333333
1987,4,Guinea Savanna,16.7
1987,4,Sahel,0.43333333333333335
1987,5,Coastal,258.3333333333333
1987,5,Guinea Savanna,82.36666666666667
1987,5,Sahel,19.333333333333332
1987,6,Coastal,315.53333333333336
1987,6,Guinea Savanna,267.26666666666665
1987,6,Sahel,65.0
1987,7,Coastal,302.8666666666667
1987,7,Guinea Savanna,216.9333333333333
1987,7,Sahel,95.73333333333333
1987,8,Coastal,336.7
1987,8,Guinea Savanna,327.43333333333334
1987,8,Sahel,171.33333333333334
1987,9,Coastal,298.8666666666667
1987,9,Guinea Savanna,244.4
1987,9,Sahel,79.76666666666667
1987,10,Coastal,320.06666666666666
1987,10,Guinea Savanna,103.83333333333333
1987,10,Sahel,16.666666666666668
1987,11,Coastal,138.33333333333334
1987,11,Guinea Savanna,0.43333333333333335
1987,11,Sahel,0.0
1987,12,Coastal,67.89999999999999
1987,12,Guinea Savanna,0.39999999999999997
1987,12,Sahel,0.0
1988,1,Coastal,61.93333333333334
1988,1,Guinea Savanna,3.4
1988,1,Sahel,0.0
1988,2,Coastal,73.03333333333333
1988,2,Guinea Savanna,11.633333333333333
1988,2,Sahel,0.0
1988,3,Coastal,208.26666666666665
1988,3,Guinea Savanna,31.066666666666666
1988,3,Sahel,0.0
1988,4,Coastal,285.0
1988,4,Guinea Savanna,110.36666666666667
1988,4,Sahel,16.400000000000002
1988,5,Coastal,299.90000000000003
1988,5,Guinea Savanna,108.60000000000001
1988,5,Sahel,15.700000000000001
1988,6,Coastal,371.8666666666666
1988,6,Guinea Savanna,260.9
1988,6,Sahel,81.23333333333333
1988,7,Coastal,293.1333333333333
1988,7,Guinea Savanna,235.66666666666666
1988,7,Sahel,129.33333333333334
1988,8,Coastal,213.4333333333333
1988,8,Guinea Savanna,332.1333333333334
1988,8,Sahel,239.16666666666666
1988,9,Coastal,339.8
1988,9,Guinea Savanna,284.6333333333334
1988,9,Sahel,153.1
1988,10,Coastal,359.26666666666665
1988,10,Guinea Savanna,44.93333333333334
1988,10,Sahel,10.700000000000001
1988,11,Coastal,167.16666666666666
1988,11,Guinea Savanna,3.733333333333333
1988,11,Sahel,0.0
1988,12,Coastal,109.23333333333333
1988,12,Guinea Savanna,4.233333333333333
1988,12,Sahel,0.0
1989,1,Coastal,1.4000000000000001
1989,1,Guinea Savanna,0.0
1989,1,Sahel,0.0
1989,2,Coastal,14.633333333333335
1989,2,Guinea Savanna,0.0
1989,2,Sahel,0.0
1989,3,Coastal,159.20000000000002
1989,3,Guinea Savanna,22.5
1989,3,Sahel,0.0
1989,4,Coastal,210.0666666666667
1989,4,Guinea Savanna,39.333333333333336
1989,4,Sahel,5.533333333333332
1989,5,Coastal,281.76666666666665
1989,5,Guinea Savanna,172.83333333333334
1989,5,Sahel,15.4
1989,6,Coastal,392.7
1989,6,Guinea Savanna,202.9666666666667
1989,6,Sahel,56.03333333333333
1989,7,Coastal,337.9666666666667
1989,7,Guinea Savanna,261.3
1989,7,Sahel,105.40000000000002
1989,8,Coastal,315.1666666666667
1989,8,Guinea Savanna,275.26666666666665
1989,8,Sahel,238.29999999999998
1989,9,Coastal,273.6666666666667
1989,9,Guinea Savanna,205.79999999999998
1989,9,Sahel,67.16666666666667
1989,10,Coastal,290.09999999999997
1989,10,Guinea Savanna,129.26666666666668
1989,10,Sahel,17.76666666666667
1989,11,Coastal,108.36666666666667
1989,11,Guinea Savanna,0.5333333333333333
1989,11,Sahel,0.0
1989,12,Coastal,72.63333333333333
1989,12,Guinea Savanna,4.433333333333333
1989,12,Sahel,0.0
1990,1,Coastal,73.60000000000001
1990,1,Guinea Savanna,1.9999999999999998
1990,1,Sahel,0.0
1990,2,Coastal,49.800000000000004
1990,2,Guinea Savanna,5.133333333333334
1990,2,Sahel,0.0
1990,3,Coastal,53.6
1990,3,Guinea Savanna,0.5
1990,3,Sahel,0.0
1990,4,Coastal,254.1
1990,4,Guinea Savanna,64.66666666666667
1990,4,Sahel,2.8000000000000003
1990,5,Coastal,306.1333333333333
1990,5,Guinea Savanna,173.36666666666667
1990,5,Sahel,32.233333333333334
1990,6,Coastal,222.9333333333333
1990,6,Guinea Savanna,170.43333333333334
1990,6,Sahel,41.800000000000004
1990,7,Coastal,411.9333333333334
1990,7,Guinea Savanna,265.8666666666666
1990,7,Sahel,136.66666666666666
1990,8,Coastal,285.6333333333333
1990,8,Guinea Savanna,262.53333333333336
1990,8,Sahel,109.03333333333335
1990,9,Coastal,269.53333333333336
1990,9,Guinea Savanna,229.0666666666667
1990,9,Sahel,62.43333333333334
1990,10,Coastal,257.8333333333333
1990,10,Guinea Savanna,79.89999999999999
1990,10,Sahel,7.066666666666667
1990,11,Coastal,225.36666666666667
1990,11,Guinea Savanna,4.933333333333334
1990,11,Sahel,0.0
1990,12,Coastal,159.86666666666667
1990,12,Guinea Savanna,4.5
1990,12,Sahel,0.06666666666666667
1991,1,Coastal,32.93333333333334
1991,1,Guinea Savanna,0.9333333333333332
1991,1,Sahel,0.0
1991,2,Coastal,112.33333333333333
1991,2,Guinea Savanna,6.666666666666667
1991,2,Sahel,0.13333333333333333
1991,3,Coastal,177.03333333333333
1991,3,Guinea Savanna,30.400000000000002
1991,3,Sahel,1.4333333333333333
1991,4,Coastal,273.8666666666667
1991,4,Guinea Savanna,83.83333333333333
1991,4,Sahel,7.233333333333334
1991,5,Coastal,272.3333333333333
1991,5,Guinea Savanna,240.70000000000002
1991,5,Sahel,148.53333333333333
1991,6,Coastal,252.20000000000002
1991,6,Guinea Savanna,196.9
1991,6,Sahel,56.5
1991,7,Coastal,356.4666666666667
1991,7,Guinea Savanna,262.43333333333334
1991,7,Sahel,111.3
1991,8,Coastal,269.8
1991,8,Guinea Savanna,300.06666666666666
1991,8,Sahel,159.66666666666666
1991,9,Coastal,281.59999999999997
1991,9,Guinea Savanna,176.33333333333334
1991,9,Sahel,37.266666666666666
1991,10,Coastal,292.8333333333333
1991,10,Guinea Savanna,121.3
1991,10,Sahel,27.400000000000002
1991,11,Coastal,169.63333333333333
1991,11,Guinea Savanna,0.9333333333333335
1991,11,Sahel,0.0
1991,12,Coastal,27.133333333333336
1991,12,Guinea Savanna,0.43333333333333335
1991,12,Sahel,0.0
1992,1,Coastal,17.099999999999998
1992,1,Guinea Savanna,1.6666666666666667
1992,1,Sahel,0.0
1992,2,Coastal,16.233333333333334
1992,2,Guinea Savanna,1.7666666666666666
1992,2,Sahel,0.0
1992,3,Coastal,191.66666666666666
1992,3,Guinea Savanna,40.666666666666664
1992,3,Sahel,2.966666666666667
1992,4,Coastal,220.5
1992,4,Guinea Savanna,70.53333333333335
1992,4,Sahel,10.233333333333334
1992,5,Coastal,242.5666666666667
1992,5,Guinea Savanna,185.53333333333333
1992,5,Sahel,57.93333333333334
1992,6,Coastal,333.8333333333333
1992,6,Guinea Savanna,199.4333333333333
1992,6,Sahel,34.86666666666667
1992,7,Coastal,343.4333333333334
1992,7,Guinea Savanna,218.20000000000002
1992,7,Sahel,111.16666666666667
1992,8,Coastal,161.63333333333333
1992,8,Guinea Savanna,232.96666666666667
1992,8,Sahel,268.09999999999997
1992,9,Coastal,320.7
1992,9,Guinea Savanna,290.76666666666665
1992,9,Sahel,68.56666666666666
1992,10,Coastal,312.09999999999997
1992,10,Guinea Savanna,80.93333333333334
1992,10,Sahel,10.3
1992,11,Coastal,155.83333333333334
1992,11,Guinea Savanna,18.366666666666664
1992,11,Sahel,0.3333333333333333
1992,12,Coastal,43.699999999999996
1992,12,Guinea Savanna,0.10000000000000002
1992,12,Sahel,0.0
1993,1,Coastal,25.2
1993,1,Guinea Savanna,0.0
1993,1,Sahel,0.0
1993,2,Coastal,61.333333333333336
1993,2,Guinea Savanna,7.033333333333334
1993,2,Sahel,0.0
1993,3,Coastal,161.79999999999998
1993,3,Guinea Savanna,33.73333333333333
1993,3,Sahel,0.3
1993,4,Coastal,217.16666666666666
1993,4,Guinea Savanna,50.73333333333333
1993,4,Sahel,1.9000000000000001
1993,5,Coastal,229.5
1993,5,Guinea Savanna,128.26666666666665
1993,5,Sahel,20.099999999999998
1993,6,Coastal,323.73333333333335
1993,6,Guinea Savanna,214.03333333333333
1993,6,Sahel,44.800000000000004
1993,7,Coastal,363.1333333333334
1993,7,Guinea Savanna,255.4
1993,7,Sahel,107.89999999999999
1993,8,Coastal,315.0
1993,8,Guinea Savanna,287.40000000000003
1993,8,Sahel,120.13333333333333
1993,9,Coastal,237.63333333333333
1993,9,Guinea Savanna,317.8
1993,9,Sahel,69.7
1993,10,Coastal,273.8666666666666
1993,10,Guinea Savanna,81.13333333333334
1993,10,Sahel,10.833333333333334
1993,11,Coastal,244.19999999999996
1993,11,Guinea Savanna,10.5
1993,11,Sahel,0.0
1993,12,Coastal,76.66666666666667
1993,12,Guinea Savanna,1.8666666666666665
1993,12,Sahel,0.10000000000000002
1994,1,Coastal,98.23333333333333
1994,1,Guinea Savanna,4.833333333333333
1994,1,Sahel,0.0
1994,2,Coastal,47.26666666666667
1994,2,Guinea Savanna,0.2333333333333333
1994,2,Sahel,0.0
1994,3,Coastal,132.20000000000002
1994,3,Guinea Savanna,6.0
1994,3,Sahel,0.0
1994,4,Coastal,211.0666666666667
1994,4,Guinea Savanna,80.73333333333333
1994,4,Sahel,9.6
1994,5,Coastal,273.23333333333335
1994,5,Guinea Savanna,116.90000000000002
1994,5,Sahel,14.833333333333334
1994,6,Coastal,391.8333333333333
1994,6,Guinea Savanna,233.86666666666667
1994,6,Sahel,52.26666666666667
1994,7,Coastal,289.96666666666664
1994,7,Guinea Savanna,252.30000000000004
1994,7,Sahel,123.13333333333334
1994,8,Coastal,223.6
1994,8,Guinea Savanna,325.0
1994,8,Sahel,230.76666666666665
1994,9,Coastal,261.90000000000003
1994,9,Guinea Savanna,296.8333333333333
1994,9,Sahel,142.4
1994,10,Coastal,303.1
1994,10,Guinea Savanna,149.03333333333333
1994,10,Sahel,50.96666666666667
1994,11,Coastal,139.36666666666667
1994,11,Guinea Savanna,4.066666666666667
1994,11,Sahel,0.0
1994,12,Coastal,10.766666666666667
1994,12,Guinea Savanna,0.0
1994,12,Sahel,0.0
1995,1,Coastal,35.53333333333334
1995,1,Guinea Savanna,0.0
1995,1,Sahel,0.0
1995,2,Coastal,92.09999999999998
1995,2,Guinea Savanna,1.8
1995,2,Sahel,0.0
1995,3,Coastal,168.53333333333333
1995,3,Guinea Savanna,18.266666666666666
1995,3,Sahel,0.0
1995,4,Coastal,220.5
1995,4,Guinea Savanna,98.63333333333333
1995,4,Sahel,12.733333333333334
1995,5,Coastal,321.93333333333334
1995,5,Guinea Savanna,127.66666666666667
1995,5,Sahel,10.600000000000001
1995,6,Coastal,347.1000000000001
1995,6,Guinea Savanna,208.5
1995,6,Sahel,36.36666666666667
1995,7,Coastal,409.40000000000003
1995,7,Guinea Savanna,223.83333333333334
1995,7,Sahel,98.76666666666667
1995,8,Coastal,317.2
1995,8,Guinea Savanna,308.2
1995,8,Sahel,172.16666666666666
1995,9,Coastal,328.2
1995,9,Guinea Savanna,276.3666666666666
1995,9,Sahel,121.89999999999999
1995,10,Coastal,285.23333333333335
1995,10,Guinea Savanna,148.0666666666667
1995,10,Sahel,17.7
1995,11,Coastal,112.73333333333335
1995,11,Guinea Savanna,7.266666666666667
1995,11,Sahel,0.0
1995,12,Coastal,53.6
1995,12,Guinea Savanna,2.033333333333333
1995,12,Sahel,0.0
1996,1,Coastal,51.56666666666666
1996,1,Guinea Savanna,0.26666666666666666
1996,1,Sahel,0.0
1996,2,Coastal,99.53333333333335
1996,2,Guinea Savanna,6.166666666666667
1996,2,Sahel,0.0
1996,3,Coastal,221.6
1996,3,Guinea Savanna,13.233333333333333
1996,3,Sahel,0.0
1996,4,Coastal,239.23333333333335
1996,4,Guinea Savanna,32.5
1996,4,Sahel,1.6333333333333335
1996,5,Coastal,291.4666666666667
1996,5,Guinea Savanna,174.4
1996,5,Sahel,40.9
1996,6,Coastal,315.76666666666665
1996,6,Guinea Savanna,240.79999999999998
1996,6,Sahel,67.2
1996,7,Coastal,240.20000000000002
1996,7,Guinea Savanna,226.4
1996,7,Sahel,87.60000000000001
1996,8,Coastal,288.9666666666667
1996,8,Guinea Savanna,284.63333333333327
1996,8,Sahel,136.86666666666667
1996,9,Coastal,271.6333333333333
1996,9,Guinea Savanna,288.46666666666664
1996,9,Sahel,73.7
1996,10,Coastal,331.53333333333336
1996,10,Guinea Savanna,117.43333333333332
1996,10,Sahel,15.299999999999999
1996,11,Coastal,61.93333333333334
1996,11,Guinea Savanna,0.19999999999999998
1996,11,Sahel,0.0
1996,12,Coastal,65.3
1996,12,Guinea Savanna,1.1333333333333333
1996,12,Sahel,0.0
1997,1,Coastal,52.199999999999996
1997,1,Guinea Savanna,3.3666666666666667
1997,1,Sahel,0.0
1997,2,Coastal,10.966666666666669
1997,2,Guinea Savanna,0.06666666666666667
1997,2,Sahel,0.0
1997,3,Coastal,173.53333333333333
1997,3,Guinea Savanna,49.800000000000004
1997,3,Sahel,0.7000000000000001
1997,4,Coastal,253.0666666666667
1997,4,Guinea Savanna,87.93333333333334
1997,4,Sahel,20.366666666666667
1997,5,Coastal,241.36666666666667
1997,5,Guinea Savanna,169.73333333333332
1997,5,Sahel,37.1
1997,6,Coastal,391.7
1997,6,Guinea Savanna,249.20000000000002
1997,6,Sahel,62.06666666666666
1997,7,Coastal,215.9333333333333
1997,7,Guinea Savanna,270.3
1997,7,Sahel,94.73333333333333
1997,8,Coastal,323.0
1997,8,Guinea Savanna,206.9333333333333
1997,8,Sahel,118.33333333333333
1997,9,Coastal,231.39999999999998
1997,9,Guinea Savanna,252.66666666666666
1997,9,Sahel,73.7
1997,10,Coastal,253.16666666666666
1997,10,Guinea Savanna,143.66666666666666
1997,10,Sahel,16.566666666666666
1997,11,Coastal,194.86666666666667
1997,11,Guinea Savanna,15.233333333333334
1997,11,Sahel,0.06666666666666667
1997,12,Coastal,58.96666666666666
1997,12,Guinea Savanna,0.5000000000000001
1997,12,Sahel,0.0
1998,1,Coastal,14.5
1998,1,Guinea Savanna,0.0
1998,1,Sahel,0.0
1998,2,Coastal,36.06666666666667
1998,2,Guinea Savanna,0.26666666666666666
1998,2,Sahel,0.0
1998,3,Coastal,87.96666666666665
1998,3,Guinea Savanna,11.466666666666669
1998,3,Sahel,0.0
1998,4,Coastal,191.9333333333333
1998,4,Guinea Savanna,56.06666666666666
1998,4,Sahel,5.666666666666667
1998,5,Coastal,236.86666666666667
1998,5,Guinea Savanna,143.63333333333333
1998,5,Sahel,15.200000000000001
1998,6,Coastal,298.73333333333335
1998,6,Guinea Savanna,225.5333333333333
1998,6,Sahel,53.300000000000004
1998,7,Coastal,267.5
1998,7,Guinea Savanna,263.96666666666664
1998,7,Sahel,145.23333333333332
1998,8,Coastal,165.16666666666666
1998,8,Guinea Savanna,315.5
1998,8,Sahel,235.43333333333337
1998,9,Coastal,332.2
1998,9,Guinea Savanna,219.0
1998,9,Sahel,118.23333333333335
1998,10,Coastal,329.5
1998,10,Guinea Savanna,140.46666666666667
1998,10,Sahel,19.0
1998,11,Coastal,156.4333333333333
1998,11,Guinea Savanna,0.19999999999999998
1998,11,Sahel,0.06666666666666667
1998,12,Coastal,41.93333333333333
1998,12,Guinea Savanna,0.03333333333333333
1998,12,Sahel,0.0
1999,1,Coastal,102.73333333333333
1999,1,Guinea Savanna,3.6999999999999997
1999,1,Sahel,0.0
1999,2,Coastal,124.0
1999,2,Guinea Savanna,7.866666666666666
1999,2,Sahel,0.0
1999,3,Coastal,171.66666666666666
1999,3,Guinea Savanna,13.866666666666667
1999,3,Sahel,0.0
1999,4,Coastal,229.03333333333333
1999,4,Guinea Savanna,35.43333333333334
1999,4,Sahel,0.9666666666666667
1999,5,Coastal,277.26666666666665
1999,5,Guinea Savanna,166.70000000000002
1999,5,Sahel,11.533333333333333
1999,6,Coastal,318.73333333333335
1999,6,Guinea Savanna,226.83333333333334
1999,6,Sahel,41.73333333333333
1999,7,Coastal,320.73333333333335
1999,7,Guinea Savanna,284.1333333333334
1999,7,Sahel,143.33333333333334
1999,8,Coastal,211.70000000000002
1999,8,Guinea Savanna,233.23333333333335
1999,8,Sahel,254.36666666666667
1999,9,Coastal,365.09999999999997
1999,9,Guinea Savanna,264.59999999999997
1999,9,Sahel,119.5
1999,10,Coastal,356.06666666666666
1999,10,Guinea Savanna,127.7
1999,10,Sahel,14.866666666666667
1999,11,Coastal,166.73333333333335
1999,11,Guinea Savanna,1.6666666666666667
1999,11,Sahel,0.0
1999,12,Coastal,27.666666666666668
1999,12,Guinea Savanna,0.0
1999,12,Sahel,0.0
2000,1,Coastal,38.5
2000,1,Guinea Savanna,0.3666666666666667
2000,1,Sahel,0.0
2000,2,Coastal,19.5
2000,2,Guinea Savanna,0.0
2000,2,Sahel,0.0
2000,3,Coastal,79.23333333333333
2000,3,Guinea Savanna,12.333333333333334
2000,3,Sahel,0.0
2000,4,Coastal,217.5666666666667
2000,4,Guinea Savanna,17.0
2000,4,Sahel,0.39999999999999997
2000,5,Coastal,255.4
2000,5,Guinea Savanna,133.20000000000002
2000,5,Sahel,10.799999999999999
2000,6,Coastal,474.3666666666666
2000,6,Guinea Savanna,281.56666666666666
2000,6,Sahel,39.93333333333333
2000,7,Coastal,226.46666666666667
2000,7,Guinea Savanna,236.43333333333337
2000,7,Sahel,173.80000000000004
2000,8,Coastal,297.6333333333333
2000,8,Guinea Savanna,295.06666666666666
2000,8,Sahel,111.26666666666667
2000,9,Coastal,314.53333333333336
2000,9,Guinea Savanna,270.6333333333334
2000,9,Sahel,76.33333333333333
2000,10,Coastal,246.53333333333333
2000,10,Guinea Savanna,84.66666666666667
2000,10,Sahel,18.76666666666667
2000,11,Coastal,124.46666666666665
2000,11,Guinea Savanna,0.20000000000000004
2000,11,Sahel,0.0
2000,12,Coastal,31.933333333333337
2000,12,Guinea Savanna,0.03333333333333333
2000,12,Sahel,0.0
2001,1,Coastal,21.8
2001,1,Guinea Savanna,0.0
2001,1,Sahel,0.0
2001,2,Coastal,23.066666666666666
2001,2,Guinea Savanna,0.0
2001,2,Sahel,0.0
2001,3,Coastal,168.4
2001,3,Guinea Savanna,5.533333333333334
2001,3,Sahel,0.0
2001,4,Coastal,220.5666666666667
2001,4,Guinea Savanna,74.0
2001,4,Sahel,4.733333333333333
2001,5,Coastal,301.03333333333336
2001,5,Guinea Savanna,83.8
2001,5,Sahel,17.900000000000002
2001,6,Coastal,318.43333333333334
2001,6,Guinea Savanna,204.6
2001,6,Sahel,51.06666666666666
2001,7,Coastal,214.73333333333335
2001,7,Guinea Savanna,199.46666666666667
2001,7,Sahel,171.36666666666665
2001,8,Coastal,175.63333333333333
2001,8,Guinea Savanna,281.59999999999997
2001,8,Sahel,162.23333333333332
2001,9,Coastal,356.6333333333334
2001,9,Guinea Savanna,265.5
2001,9,Sahel,73.8
2001,10,Coastal,244.1
2001,10,Guinea Savanna,43.46666666666667
2001,10,Sahel,1.5333333333333332
2001,11,Coastal,106.46666666666665
2001,11,Guinea Savanna,0.8666666666666667
2001,11,Sahel,0.0
2001,12,Coastal,40.56666666666667
2001,12,Guinea Savanna,0.06666666666666667
2001,12,Sahel,0.0
2002,1,Coastal,11.466666666666669
2002,1,Guinea Savanna,0.13333333333333333
2002,1,Sahel,0.0
2002,2,Coastal,64.89999999999999
2002,2,Guinea Savanna,3.3666666666666667
2002,2,Sahel,0.0
2002,3,Coastal,197.63333333333333
2002,3,Guinea Savanna,23.900000000000002
2002,3,Sahel,0.0
2002,4,Coastal,210.66666666666666
2002,4,Guinea Savanna,73.93333333333334
2002,4,Sahel,0.8666666666666667
2002,5,Coastal,252.1
2002,5,Guinea Savanna,60.333333333333336
2002,5,Sahel,2.3666666666666667
2002,6,Coastal,378.3666666666666
2002,6,Guinea Savanna,251.83333333333334
2002,6,Sahel,22.8
2002,7,Coastal,400.8
2002,7,Guinea Savanna,257.96666666666664
2002,7,Sahel,103.8
2002,8,Coastal,291.2
2002,8,Guinea Savanna,306.40000000000003
2002,8,Sahel,132.06666666666666
2002,9,Coastal,281.23333333333335
2002,9,Guinea Savanna,251.5
2002,9,Sahel,100.7
2002,10,Coastal,312.0
2002,10,Guinea Savanna,125.7
2002,10,Sahel,50.76666666666667
2002,11,Coastal,139.56666666666666
2002,11,Guinea Savanna,7.1000000000000005
2002,11,Sahel,0.23333333333333336
2002,12,Coastal,51.96666666666667
2002,12,Guinea Savanna,0.4000000000000001
2002,12,Sahel,0.0
2003,1,Coastal,78.3
2003,1,Guinea Savanna,1.8333333333333333
2003,1,Sahel,0.0
2003,2,Coastal,78.16666666666667
2003,2,Guinea Savanna,2.033333333333333
2003,2,Sahel,0.0
2003,3,Coastal,116.76666666666667
2003,3,Guinea Savanna,3.7999999999999994
2003,3,Sahel,0.0
2003,4,Coastal,239.46666666666667
2003,4,Guinea Savanna,56.5
2003,4,Sahel,4.866666666666667
2003,5,Coastal,280.6666666666667
2003,5,Guinea Savanna,78.33333333333333
2003,5,Sahel,19.733333333333334
2003,6,Coastal,326.53333333333336
2003,6,Guinea Savanna,240.79999999999998
2003,6,Sahel,70.8
2003,7,Coastal,225.0
2003,7,Guinea Savanna,205.86666666666667
2003,7,Sahel,90.39999999999999
2003,8,Coastal,209.5
2003,8,Guinea Savanna,241.70000000000002
2003,8,Sahel,191.46666666666667
2003,9,Coastal,290.23333333333335
2003,9,Guinea Savanna,216.33333333333334
2003,9,Sahel,93.13333333333333
2003,10,Coastal,251.46666666666667
2003,10,Guinea Savanna,91.93333333333334
2003,10,Sahel,25.599999999999998
2003,11,Coastal,188.26666666666665
2003,11,Guinea Savanna,15.700000000000001
2003,11,Sahel,0.0
2003,12,Coastal,51.93333333333334
2003,12,Guinea Savanna,0.0
2003,12,Sahel,0.0
2004,1,Coastal,47.4
2004,1,Guinea Savanna,4.366666666666667
2004,1,Sahel,0.0
2004,2,Coastal,43.63333333333333
2004,2,Guinea Savanna,0.5333333333333333
2004,2,Sahel,0.0
2004,3,Coastal,90.5
2004,3,Guinea Savanna,6.199999999999999
2004,3,Sahel,0.39999999999999997
2004,4,Coastal,310.93333333333334
2004,4,Guinea Savanna,30.96666666666667
2004,4,Sahel,0.0
2004,5,Coastal,292.06666666666666
2004,5,Guinea Savanna,194.4666666666667
2004,5,Sahel,36.833333333333336
2004,6,Coastal,282.53333333333336
2004,6,Guinea Savanna,204.46666666666667
2004,6,Sahel,33.0
2004,7,Coastal,317.5
2004,7,Guinea Savanna,225.5666666666667
2004,7,Sahel,114.8
2004,8,Coastal,260.3
2004,8,Guinea Savanna,275.09999999999997
2004,8,Sahel,157.16666666666666
2004,9,Coastal,286.8666666666667
2004,9,Guinea Savanna,204.73333333333335
2004,9,Sahel,41.733333333333334
2004,10,Coastal,275.53333333333336
2004,10,Guinea Savanna,87.23333333333333
2004,10,Sahel,2.4333333333333336
2004,11,Coastal,176.86666666666667
2004,11,Guinea Savanna,7.033333333333334
2004,11,Sahel,0.0
2004,12,Coastal,29.400000000000002
2004,12,Guinea Savanna,0.2333333333333333
2004,12,Sahel,0.0
2005,1,Coastal,18.0
2005,1,Guinea Savanna,0.0
2005,1,Sahel,0.0
2005,2,Coastal,71.0
2005,2,Guinea Savanna,5.400000000000001
2005,2,Sahel,0.0
2005,3,Coastal,163.73333333333332
2005,3,Guinea Savanna,12.033333333333331
2005,3,Sahel,0.0
2005,4,Coastal,211.36666666666667
2005,4,Guinea Savanna,39.06666666666667
2005,4,Sahel,3.6333333333333333
2005,5,Coastal,279.09999999999997
2005,5,Guinea Savanna,137.53333333333333
2005,5,Sahel,28.166666666666668
2005,6,Coastal,306.03333333333336
2005,6,Guinea Savanna,200.76666666666665
2005,6,Sahel,65.76666666666667
2005,7,Coastal,343.9666666666667
2005,7,Guinea Savanna,215.9333333333333
2005,7,Sahel,115.59999999999998
2005,8,Coastal,204.4333333333333
2005,8,Guinea Savanna,209.5666666666667
2005,8,Sahel,173.96666666666667
2005,9,Coastal,246.4333333333333
2005,9,Guinea Savanna,235.5666666666667
2005,9,Sahel,64.26666666666667
2005,10,Coastal,247.9333333333333
2005,10,Guinea Savanna,77.73333333333333
2005,10,Sahel,12.266666666666666
2005,11,Coastal,128.4333333333333
2005,11,Guinea Savanna,7.7
2005,11,Sahel,0.0
2005,12,Coastal,75.89999999999999
2005,12,Guinea Savanna,2.3000000000000003
2005,12,Sahel,0.0
2006,1,Coastal,68.3
2006,1,Guinea Savanna,3.6666666666666665
2006,1,Sahel,0.0
2006,2,Coastal,112.33333333333333
2006,2,Guinea Savanna,1.7
2006,2,Sahel,0.0
2006,3,Coastal,145.33333333333334
2006,3,Guinea Savanna,4.933333333333333
2006,3,Sahel,0.0
2006,4,Coastal,171.0
2006,4,Guinea Savanna,32.300000000000004
2006,4,Sahel,0.6000000000000001
2006,5,Coastal,296.96666666666664
2006,5,Guinea Savanna,185.23333333333332
2006,5,Sahel,19.5
2006,6,Coastal,296.03333333333336
2006,6,Guinea Savanna,169.93333333333334
2006,6,Sahel,19.233333333333334
2006,7,Coastal,307.3333333333333
2006,7,Guinea Savanna,223.63333333333333
2006,7,Sahel,93.96666666666665
2006,8,Coastal,298.76666666666665
2006,8,Guinea Savanna,292.23333333333335
2006,8,Sahel,146.6
2006,9,Coastal,394.40000000000003
2006,9,Guinea Savanna,230.23333333333335
2006,9,Sahel,99.73333333333335
2006,10,Coastal,257.59999999999997
2006,10,Guinea Savanna,86.23333333333333
2006,10,Sahel,7.966666666666666
2006,11,Coastal,84.33333333333333
2006,11,Guinea Savanna,2.4
2006,11,Sahel,0.0
2006,12,Coastal,13.1
2006,12,Guinea Savanna,0.0
2006,12,Sahel,0.0
2007,1,Coastal,2.066666666666667
2007,1,Guinea Savanna,0.0
2007,1,Sahel,0.0
2007,2,Coastal,73.43333333333334
2007,2,Guinea Savanna,0.4666666666666666
2007,2,Sahel,0.0
2007,3,Coastal,109.60000000000001
2007,3,Guinea Savanna,1.2333333333333332
2007,3,Sahel,0.0
2007,4,Coastal,219.5
2007,4,Guinea Savanna,58.400000000000006
2007,4,Sahel,1.7333333333333334
2007,5,Coastal,271.56666666666666
2007,5,Guinea Savanna,98.39999999999999
2007,5,Sahel,11.200000000000001
2007,6,Coastal,375.0
2007,6,Guinea Savanna,134.13333333333333
2007,6,Sahel,39.199999999999996
2007,7,Coastal,378.1666666666667
2007,7,Guinea Savanna,230.79999999999998
2007,7,Sahel,113.86666666666667
2007,8,Coastal,291.3666666666667
2007,8,Guinea Savanna,307.6333333333333
2007,8,Sahel,197.79999999999998
2007,9,Coastal,423.3333333333333
2007,9,Guinea Savanna,229.86666666666667
2007,9,Sahel,84.33333333333333
2007,10,Coastal,361.09999999999997
2007,10,Guinea Savanna,78.96666666666667
2007,10,Sahel,0.9
2007,11,Coastal,182.4
2007,11,Guinea Savanna,4.766666666666667
2007,11,Sahel,0.0
2007,12,Coastal,65.10000000000001
2007,12,Guinea Savanna,0.2333333333333333
2007,12,Sahel,0.0
2008,1,Coastal,43.76666666666667
2008,1,Guinea Savanna,1.7333333333333334
2008,1,Sahel,0.0
2008,2,Coastal,11.933333333333335
2008,2,Guinea Savanna,0.0
2008,2,Sahel,0.0
2008,3,Coastal,152.43333333333334
2008,3,Guinea Savanna,3.533333333333333
2008,3,Sahel,0.0
2008,4,Coastal,178.46666666666667
2008,4,Guinea Savanna,41.03333333333333
2008,4,Sahel,1.5999999999999999
2008,5,Coastal,269.1
2008,5,Guinea Savanna,153.63333333333333
2008,5,Sahel,11.666666666666666
2008,6,Coastal,337.3
2008,6,Guinea Savanna,173.66666666666666
2008,6,Sahel,60.29999999999999
2008,7,Coastal,334.96666666666664
2008,7,Guinea Savanna,231.83333333333334
2008,7,Sahel,104.26666666666665
2008,8,Coastal,271.8
2008,8,Guinea Savanna,340.59999999999997
2008,8,Sahel,226.0
2008,9,Coastal,386.9333333333334
2008,9,Guinea Savanna,213.9
2008,9,Sahel,85.03333333333333
2008,10,Coastal,272.23333333333335
2008,10,Guinea Savanna,92.43333333333334
2008,10,Sahel,10.566666666666666
2008,11,Coastal,88.73333333333333
2008,11,Guinea Savanna,1.1333333333333333
2008,11,Sahel,0.0
2008,12,Coastal,84.63333333333334
2008,12,Guinea Savanna,12.566666666666665
2008,12,Sahel,0.0
2009,1,Coastal,74.53333333333333
2009,1,Guinea Savanna,0.6666666666666666
2009,1,Sahel,0.0
2009,2,Coastal,56.199999999999996
2009,2,Guinea Savanna,0.2333333333333333
2009,2,Sahel,0.0
2009,3,Coastal,93.93333333333334
2009,3,Guinea Savanna,1.4000000000000001
2009,3,Sahel,0.0
2009,4,Coastal,198.23333333333335
2009,4,Guinea Savanna,63.43333333333334
2009,4,Sahel,3.566666666666667
2009,5,Coastal,253.70000000000002
2009,5,Guinea Savanna,110.60000000000001
2009,5,Sahel,18.2
2009,6,Coastal,427.6666666666667
2009,6,Guinea Savanna,188.20000000000002
2009,6,Sahel,30.0
2009,7,Coastal,446.8666666666666
2009,7,Guinea Savanna,222.63333333333333
2009,7,Sahel,95.10000000000001
2009,8,Coastal,357.93333333333334
2009,8,Guinea Savanna,311.7
2009,8,Sahel,162.4
2009,9,Coastal,263.0
2009,9,Guinea Savanna,213.0333333333333
2009,9,Sahel,67.7
2009,10,Coastal,306.5
2009,10,Guinea Savanna,139.36666666666667
2009,10,Sahel,21.666666666666668
2009,11,Coastal,143.79999999999998
2009,11,Guinea Savanna,7.033333333333334
2009,11,Sahel,0.0
2009,12,Coastal,35.4
2009,12,Guinea Savanna,0.0
2009,12,Sahel,0.0
2010,1,Coastal,26.099999999999998
2010,1,Guinea Savanna,0.0
2010,1,Sahel,0.0
2010,2,Coastal,42.833333333333336
2010,2,Guinea Savanna,0.0
2010,2,Sahel,0.03333333333333333
2010,3,Coastal,101.66666666666667
2010,3,Guinea Savanna,8.9
2010,3,Sahel,0.0
2010,4,Coastal,168.46666666666667
2010,4,Guinea Savanna,51.96666666666666
2010,4,Sahel,1.7666666666666666
2010,5,Coastal,366.1666666666667
2010,5,Guinea Savanna,122.0
2010,5,Sahel,13.766666666666666
2010,6,Coastal,369.0333333333333
2010,6,Guinea Savanna,188.86666666666667
2010,6,Sahel,46.666666666666664
2010,7,Coastal,298.3333333333333
2010,7,Guinea Savanna,237.20000000000002
2010,7,Sahel,185.9333333333333
2010,8,Coastal,299.23333333333335
2010,8,Guinea Savanna,257.6666666666667
2010,8,Sahel,221.33333333333334
2010,9,Coastal,301.8666666666667
2010,9,Guinea Savanna,286.23333333333335
2010,9,Sahel,100.86666666666667
2010,10,Coastal,319.1333333333334
2010,10,Guinea Savanna,142.1
2010,10,Sahel,29.733333333333334
2010,11,Coastal,164.0
2010,11,Guinea Savanna,9.0
2010,11,Sahel,0.0
2010,12,Coastal,39.266666666666666
2010,12,Guinea Savanna,0.0
2010,12,Sahel,0.0
2011,1,Coastal,15.033333333333333
2011,1,Guinea Savanna,0.0
2011,1,Sahel,0.0
2011,2,Coastal,129.96666666666667
2011,2,Guinea Savanna,3.9333333333333336
2011,2,Sahel,0.26666666666666666
2011,3,Coastal,101.06666666666666
2011,3,Guinea Savanna,0.5
2011,3,Sahel,0.0
2011,4,Coastal,165.56666666666666
2011,4,Guinea Savanna,21.766666666666666
2011,4,Sahel,0.3666666666666667
2011,5,Coastal,274.5
2011,5,Guinea Savanna,123.43333333333334
2011,5,Sahel,19.566666666666666
2011,6,Coastal,310.0
2011,6,Guinea Savanna,176.6
2011,6,Sahel,31.700000000000003
2011,7,Coastal,317.76666666666665
2011,7,Guinea Savanna,182.83333333333334
2011,7,Sahel,78.63333333333333
2011,8,Coastal,329.1333333333333
2011,8,Guinea Savanna,251.79999999999998
2011,8,Sahel,226.86666666666665
2011,9,Coastal,305.59999999999997
2011,9,Guinea Savanna,238.96666666666667
2011,9,Sahel,95.66666666666667
2011,10,Coastal,307.06666666666666
2011,10,Guinea Savanna,105.7
2011,10,Sahel,11.633333333333335
2011,11,Coastal,116.76666666666667
2011,11,Guinea Savanna,0.03333333333333333
2011,11,Sahel,0.0
2011,12,Coastal,25.400000000000002
2011,12,Guinea Savanna,0.0
2011,12,Sahel,0.0
2012,1,Coastal,29.066666666666666
2012,1,Guinea Savanna,0.03333333333333333
2012,1,Sahel,0.0
2012,2,Coastal,143.53333333333333
2012,2,Guinea Savanna,5.466666666666666
2012,2,Sahel,0.0
2012,3,Coastal,87.0
2012,3,Guinea Savanna,1.3666666666666665
2012,3,Sahel,0.0
2012,4,Coastal,231.66666666666666
2012,4,Guinea Savanna,52.93333333333334
2012,4,Sahel,1.5333333333333334
2012,5,Coastal,280.3666666666667
2012,5,Guinea Savanna,169.36666666666667
2012,5,Sahel,26.566666666666666
2012,6,Coastal,333.3666666666667
2012,6,Guinea Savanna,201.19999999999996
2012,6,Sahel,50.86666666666667
2012,7,Coastal,316.90000000000003
2012,7,Guinea Savanna,304.6666666666667
2012,7,Sahel,118.10000000000001
2012,8,Coastal,205.9
2012,8,Guinea Savanna,309.7666666666667
2012,8,Sahel,245.29999999999998
2012,9,Coastal,265.8
2012,9,Guinea Savanna,296.96666666666664
2012,9,Sahel,129.86666666666665
2012,10,Coastal,271.1666666666667
2012,10,Guinea Savanna,110.5
2012,10,Sahel,14.866666666666665
2012,11,Coastal,162.29999999999998
2012,11,Guinea Savanna,1.5666666666666664
2012,11,Sahel,0.0
2012,12,Coastal,45.833333333333336
2012,12,Guinea Savanna,0.03333333333333333
2012,12,Sahel,0.0
2013,1,Coastal,65.83333333333333
2013,1,Guinea Savanna,2.1333333333333333
2013,1,Sahel,0.0
2013,2,Coastal,45.93333333333334
2013,2,Guinea Savanna,0.4333333333333333
2013,2,Sahel,0.0
2013,3,Coastal,173.4333333333333
2013,3,Guinea Savanna,14.0
2013,3,Sahel,0.0
2013,4,Coastal,221.46666666666667
2013,4,Guinea Savanna,96.76666666666667
2013,4,Sahel,6.7
2013,5,Coastal,273.96666666666664
2013,5,Guinea Savanna,136.66666666666666
2013,5,Sahel,14.433333333333332
2013,6,Coastal,328.03333333333336
2013,6,Guinea Savanna,170.83333333333334
2013,6,Sahel,39.46666666666667
2013,7,Coastal,300.9666666666667
2013,7,Guinea Savanna,192.36666666666665
2013,7,Sahel,89.36666666666667
2013,8,Coastal,178.33333333333334
2013,8,Guinea Savanna,241.5333333333333
2013,8,Sahel,265.1333333333333
2013,9,Coastal,301.2
2013,9,Guinea Savanna,299.43333333333334
2013,9,Sahel,77.0
2013,10,Coastal,294.40000000000003
2013,10,Guinea Savanna,109.23333333333335
2013,10,Sahel,19.9
2013,11,Coastal,205.0666666666667
2013,11,Guinea Savanna,0.5333333333333333
2013,11,Sahel,0.0
2013,12,Coastal,113.66666666666667
2013,12,Guinea Savanna,0.13333333333333333
2013,12,Sahel,0.0
2014,1,Coastal,47.699999999999996
2014,1,Guinea Savanna,6.866666666666666
2014,1,Sahel,0.43333333333333335
2014,2,Coastal,53.96666666666666
2014,2,Guinea Savanna,3.9000000000000004
2014,2,Sahel,0.0
2014,3,Coastal,187.29999999999998
2014,3,Guinea Savanna,20.433333333333334
2014,3,Sahel,0.16666666666666666
2014,4,Coastal,235.13333333333333
2014,4,Guinea Savanna,81.73333333333333
2014,4,Sahel,2.1666666666666665
2014,5,Coastal,307.3666666666667
2014,5,Guinea Savanna,223.4333333333333
2014,5,Sahel,32.63333333333333
2014,6,Coastal,332.1333333333333
2014,6,Guinea Savanna,172.66666666666666
2014,6,Sahel,22.76666666666667
2014,7,Coastal,221.33333333333334
2014,7,Guinea Savanna,176.6
2014,7,Sahel,100.46666666666665
2014,8,Coastal,281.53333333333336
2014,8,Guinea Savanna,276.26666666666665
2014,8,Sahel,255.33333333333334
2014,9,Coastal,363.7
2014,9,Guinea Savanna,279.23333333333335
2014,9,Sahel,81.46666666666667
2014,10,Coastal,312.2
2014,10,Guinea Savanna,102.36666666666667
2014,10,Sahel,11.666666666666666
2014,11,Coastal,176.5
2014,11,Guinea Savanna,9.633333333333335
2014,11,Sahel,0.0
2014,12,Coastal,38.333333333333336
2014,12,Guinea Savanna,0.13333333333333333
2014,12,Sahel,0.0
2015,1,Coastal,20.5
2015,1,Guinea Savanna,0.13333333333333333
2015,1,Sahel,0.0
2015,2,Coastal,107.43333333333334
2015,2,Guinea Savanna,10.6
2015,2,Sahel,0.0
2015,3,Coastal,174.46666666666667
2015,3,Guinea Savanna,27.400000000000002
2015,3,Sahel,0.0
2015,4,Coastal,120.86666666666667
2015,4,Guinea Savanna,2.566666666666667
2015,4,Sahel,0.0
2015,5,Coastal,279.6
2015,5,Guinea Savanna,69.33333333333333
2015,5,Sahel,2.6333333333333333
2015,6,Coastal,340.26666666666665
2015,6,Guinea Savanna,111.26666666666667
2015,6,Sahel,22.899999999999995
2015,7,Coastal,245.5
2015,7,Guinea Savanna,222.30000000000004
2015,7,Sahel,108.86666666666666
2015,8,Coastal,295.93333333333334
2015,8,Guinea Savanna,286.2
2015,8,Sahel,229.70000000000002
2015,9,Coastal,279.2666666666667
2015,9,Guinea Savanna,212.63333333333333
2015,9,Sahel,123.3
2015,10,Coastal,370.23333333333335
2015,10,Guinea Savanna,133.93333333333334
2015,10,Sahel,15.766666666666667
2015,11,Coastal,181.63333333333333
2015,11,Guinea Savanna,2.3333333333333335
2015,11,Sahel,0.0
2015,12,Coastal,4.533333333333334
2015,12,Guinea Savanna,0.0
2015,12,Sahel,0.0
2016,1,Coastal,5.666666666666667
2016,1,Guinea Savanna,0.03333333333333333
2016,1,Sahel,0.0
2016,2,Coastal,20.933333333333334
2016,2,Guinea Savanna,0.5
2016,2,Sahel,0.0
2016,3,Coastal,312.5
2016,3,Guinea Savanna,54.63333333333333
2016,3,Sahel,1.7333333333333334
2016,4,Coastal,190.20000000000002
2016,4,Guinea Savanna,99.63333333333333
2016,4,Sahel,1.2999999999999998
2016,5,Coastal,326.9666666666667
2016,5,Guinea Savanna,168.33333333333334
2016,5,Sahel,18.833333333333332
2016,6,Coastal,447.5
2016,6,Guinea Savanna,215.5
2016,6,Sahel,58.06666666666666
2016,7,Coastal,347.56666666666666
2016,7,Guinea Savanna,246.60000000000002
2016,7,Sahel,164.13333333333333
2016,8,Coastal,306.0
2016,8,Guinea Savanna,291.76666666666665
2016,8,Sahel,213.86666666666667
2016,9,Coastal,365.6333333333334
2016,9,Guinea Savanna,274.59999999999997
2016,9,Sahel,87.2
2016,10,Coastal,263.8666666666666
2016,10,Guinea Savanna,76.33333333333333
2016,10,Sahel,1.933333333333333
2016,11,Coastal,134.63333333333333
2016,11,Guinea Savanna,1.3666666666666665
2016,11,Sahel,0.0
2016,12,Coastal,46.0
2016,12,Guinea Savanna,0.3333333333333333
2016,12,Sahel,0.0
2017,1,Coastal,46.20000000000001
2017,1,Guinea Savanna,0.13333333333333333
2017,1,Sahel,0.0
2017,2,Coastal,19.8
2017,2,Guinea Savanna,0.0
2017,2,Sahel,0.0
2017,3,Coastal,83.3
2017,3,Guinea Savanna,1.6666666666666667
2017,3,Sahel,0.0
2017,4,Coastal,131.76666666666665
2017,4,Guinea Savanna,27.2
2017,4,Sahel,0.7333333333333334
2017,5,Coastal,212.4666666666667
2017,5,Guinea Savanna,76.60000000000001
2017,5,Sahel,25.400000000000002
2017,6,Coastal,342.43333333333334
2017,6,Guinea Savanna,176.03333333333333
2017,6,Sahel,87.56666666666666
2017,7,Coastal,258.46666666666664
2017,7,Guinea Savanna,134.79999999999998
2017,7,Sahel,81.66666666666667
2017,8,Coastal,303.8333333333333
2017,8,Guinea Savanna,209.23333333333335
2017,8,Sahel,155.5
2017,9,Coastal,253.9333333333333
2017,9,Guinea Savanna,126.2
2017,9,Sahel,90.56666666666666
2017,10,Coastal,213.4
2017,10,Guinea Savanna,29.166666666666668
2017,10,Sahel,2.466666666666667
2017,11,Coastal,141.53333333333333
2017,11,Guinea Savanna,2.1333333333333333
2017,11,Sahel,0.0
2017,12,Coastal,47.36666666666667
2017,12,Guinea Savanna,0.6666666666666666
2017,12,Sahel,0.16666666666666666
2018,1,Coastal,14.866666666666667
2018,1,Guinea Savanna,0.0
2018,1,Sahel,0.0
2018,2,Coastal,108.76666666666665
2018,2,Guinea Savanna,11.766666666666666
2018,2,Sahel,3.8333333333333335
2018,3,Coastal,128.46666666666667
2018,3,Guinea Savanna,9.166666666666666
2018,3,Sahel,0.0
2018,4,Coastal,128.6
2018,4,Guinea Savanna,39.0
2018,4,Sahel,0.23333333333333336
2018,5,Coastal,210.23333333333335
2018,5,Guinea Savanna,91.23333333333333
2018,5,Sahel,18.633333333333336
2018,6,Coastal,271.96666666666664
2018,6,Guinea Savanna,167.86666666666667
2018,6,Sahel,56.03333333333333
2018,7,Coastal,255.76666666666668
2018,7,Guinea Savanna,185.1
2018,7,Sahel,85.33333333333333
2018,8,Coastal,349.0333333333333
2018,8,Guinea Savanna,241.63333333333335
2018,8,Sahel,193.53333333333333
2018,9,Coastal,268.5
2018,9,Guinea Savanna,199.66666666666666
2018,9,Sahel,103.13333333333333
2018,10,Coastal,223.36666666666665
2018,10,Guinea Savanna,66.60000000000001
2018,10,Sahel,4.2
2018,11,Coastal,102.06666666666668
2018,11,Guinea Savanna,3.0666666666666664
2018,11,Sahel,0.0
2018,12,Coastal,19.0
2018,12,Guinea Savanna,0.0
2018,12,Sahel,0.0
2019,1,Coastal,64.26666666666667
2019,1,Guinea Savanna,2.6666666666666665
2019,1,Sahel,0.0
2019,2,Coastal,90.86666666666667
2019,2,Guinea Savanna,25.7
2019,2,Sahel,0.13333333333333333
2019,3,Coastal,158.76666666666668
2019,3,Guinea Savanna,19.866666666666667
2019,3,Sahel,0.03333333333333333
2019,4,Coastal,203.9333333333333
2019,4,Guinea Savanna,24.86666666666667
2019,4,Sahel,0.03333333333333333
2019,5,Coastal,215.53333333333333
2019,5,Guinea Savanna,140.03333333333333
2019,5,Sahel,14.266666666666667
2019,6,Coastal,368.8333333333333
2019,6,Guinea Savanna,167.29999999999998
2019,6,Sahel,39.46666666666666
2019,7,Coastal,339.8333333333333
2019,7,Guinea Savanna,195.89999999999998
2019,7,Sahel,98.53333333333335
2019,8,Coastal,244.86666666666665
2019,8,Guinea Savanna,187.16666666666666
2019,8,Sahel,208.33333333333334
2019,9,Coastal,407.56666666666666
2019,9,Guinea Savanna,189.16666666666666
2019,9,Sahel,62.4
2019,10,Coastal,358.0
2019,10,Guinea Savanna,184.63333333333333
2019,10,Sahel,53.4
2019,11,Coastal,146.33333333333334
2019,11,Guinea Savanna,11.566666666666668
2019,11,Sahel,0.0
2019,12,Coastal,23.73333333333333
2019,12,Guinea Savanna,0.0
2019,12,Sahel,0.0
2020,1,Coastal,6.8999999999999995
2020,1,Guinea Savanna,0.0
2020,1,Sahel,0.0
2020,2,Coastal,7.133333333333333
2020,2,Guinea Savanna,0.0
2020,2,Sahel,0.0
2020,3,Coastal,154.06666666666666
2020,3,Guinea Savanna,7.2
2020,3,Sahel,0.06666666666666667
2020,4,Coastal,116.33333333333333
2020,4,Guinea Savanna,12.300000000000002
2020,4,Sahel,0.13333333333333333
2020,5,Coastal,176.63333333333333
2020,5,Guinea Savanna,50.6
2020,5,Sahel,3.733333333333334
2020,6,Coastal,272.59999999999997
2020,6,Guinea Savanna,81.60000000000001
2020,6,Sahel,21.433333333333334
2020,7,Coastal,307.8
2020,7,Guinea Savanna,211.83333333333334
2020,7,Sahel,86.33333333333333
2020,8,Coastal,94.56666666666668
2020,8,Guinea Savanna,162.33333333333334
2020,8,Sahel,261.93333333333334
2020,9,Coastal,448.40000000000003
2020,9,Guinea Savanna,214.13333333333333
2020,9,Sahel,92.86666666666667
2020,10,Coastal,214.83333333333334
2020,10,Guinea Savanna,35.73333333333333
2020,10,Sahel,7.3999999999999995
2020,11,Coastal,90.5
2020,11,Guinea Savanna,0.13333333333333333
2020,11,Sahel,0.0
2020,12,Coastal,51.36666666666667
2020,12,Guinea Savanna,0.0
2020,12,Sahel,0.0
2021,1,Coastal,32.199999999999996
2021,1,Guinea Savanna,0.0
2021,1,Sahel,0.0
2021,2,Coastal,24.099999999999998
2021,2,Guinea Savanna,0.0
2021,2,Sahel,0.0
2021,3,Coastal,128.4
2021,3,Guinea Savanna,4.933333333333334
2021,3,Sahel,0.0
2021,4,Coastal,105.89999999999999
2021,4,Guinea Savanna,3.033333333333333
2021,4,Sahel,0.0
2021,5,Coastal,171.29999999999998
2021,5,Guinea Savanna,27.46666666666667
2021,5,Sahel,0.16666666666666666
2021,6,Coastal,251.13333333333333
2021,6,Guinea Savanna,72.36666666666667
2021,6,Sahel,9.266666666666667
2021,7,Coastal,207.36666666666667
2021,7,Guinea Savanna,141.6
2021,7,Sahel,98.46666666666665
2021,8,Coastal,334.53333333333336
2021,8,Guinea Savanna,234.4333333333333
2021,8,Sahel,103.43333333333334
2021,9,Coastal,377.76666666666665
2021,9,Guinea Savanna,143.16666666666666
2021,9,Sahel,51.53333333333334
2021,10,Coastal,287.59999999999997
2021,10,Guinea Savanna,46.96666666666667
2021,10,Sahel,13.1
2021,11,Coastal,175.5
2021,11,Guinea Savanna,0.9666666666666667
2021,11,Sahel,0.0
2021,12,Coastal,17.5
2021,12,Guinea Savanna,0.0
2021,12,Sahel,0.0
2022,1,Coastal,25.7
2022,1,Guinea Savanna,0.06666666666666667
2022,1,Sahel,0.0
2022,2,Coastal,12.6
2022,2,Guinea Savanna,0.0
2022,2,Sahel,0.0
2022,3,Coastal,88.56666666666666
2022,3,Guinea Savanna,4.3999999999999995
2022,3,Sahel,0.0
2022,4,Coastal,155.1
2022,4,Guinea Savanna,60.13333333333333
2022,4,Sahel,1.9666666666666668
2022,5,Coastal,202.23333333333335
2022,5,Guinea Savanna,120.0
2022,5,Sahel,2.9
2022,6,Coastal,287.6333333333334
2022,6,Guinea Savanna,142.33333333333334
2022,6,Sahel,71.7
2022,7,Coastal,234.63333333333335
2022,7,Guinea Savanna,184.23333333333335
2022,7,Sahel,113.43333333333334
2022,8,Coastal,198.4333333333333
2022,8,Guinea Savanna,184.46666666666667
2022,8,Sahel,287.9666666666667
2022,9,Coastal,243.79999999999998
2022,9,Guinea Savanna,229.0
2022,9,Sahel,145.53333333333333
2022,10,Coastal,269.46666666666664
2022,10,Guinea Savanna,80.56666666666668
2022,10,Sahel,11.133333333333333
2022,11,Coastal,76.7
2022,11,Guinea Savanna,0.0
2022,11,Sahel,0.0
2022,12,Coastal,17.366666666666667
2022,12,Guinea Savanna,0.06666666666666667
2022,12,Sahel,0.0
2023,1,Coastal,40.300000000000004
2023,1,Guinea Savanna,0.43333333333333335
2023,1,Sahel,0.0
2023,2,Coastal,16.466666666666665
2023,2,Guinea Savanna,0.3
2023,2,Sahel,0.0
2023,3,Coastal,155.43333333333334
2023,3,Guinea Savanna,21.833333333333332
2023,3,Sahel,0.43333333333333335
2023,4,Coastal,129.36666666666667
2023,4,Guinea Savanna,13.066666666666668
2023,4,Sahel,0.06666666666666667
2023,5,Coastal,154.23333333333332
2023,5,Guinea Savanna,106.3
2023,5,Sahel,4.333333333333333
2023,6,Coastal,378.6333333333334
2023,6,Guinea Savanna,147.03333333333333
2023,6,Sahel,81.86666666666666
2023,7,Coastal,309.8333333333333
2023,7,Guinea Savanna,141.6
2023,7,Sahel,94.06666666666666
2023,8,Coastal,257.3333333333333
2023,8,Guinea Savanna,166.1
2023,8,Sahel,166.63333333333333
2023,9,Coastal,304.6666666666667
2023,9,Guinea Savanna,136.79999999999998
2023,9,Sahel,119.16666666666667
2023,10,Coastal,242.76666666666665
2023,10,Guinea Savanna,56.166666666666664
2023,10,Sahel,13.166666666666666
2023,11,Coastal,166.23333333333335
2023,11,Guinea Savanna,20.633333333333336
2023,11,Sahel,2.433333333333333
2023,12,Coastal,9.5
2023,12,Guinea Savanna,0.0
2023,12,Sahel,0.0
